symbol,indicator,period,usd_value
COCOA,PCOCO,1992-M01,1281.56811523438
COCOA,PCOCO,1992-M02,1191.04858398438
COCOA,PCOCO,1992-M03,1127.96362304688
COCOA,PCOCO,1992-M04,1045.48022460938
COCOA,PCOCO,1992-M05,995.311279296875
COCOA,PCOCO,1992-M06,962.632080078125
COCOA,PCOCO,1992-M07,1105.23828125
COCOA,PCOCO,1992-M08,1182.10791015625
COCOA,PCOCO,1992-M09,1118.927734375
COCOA,PCOCO,1992-M10,1071.47534179688
COCOA,PCOCO,1992-M11,1076.38452148438
COCOA,PCOCO,1992-M12,1034.90209960938
COCOA,PCOCO,1993-M01,1035.56970214844
COCOA,PCOCO,1993-M02,990.991333007813
COCOA,PCOCO,1993-M03,977.318908691406
COCOA,PCOCO,1993-M04,1010.74786376953
COCOA,PCOCO,1993-M05,998.066650390625
COCOA,PCOCO,1993-M06,941.685424804688
COCOA,PCOCO,1993-M07,1058.64367675781
COCOA,PCOCO,1993-M08,1087.17260742188
COCOA,PCOCO,1993-M09,1263.30114746094
COCOA,PCOCO,1993-M10,1290.47204589844
COCOA,PCOCO,1993-M11,1321.7763671875
COCOA,PCOCO,1993-M12,1359.50708007813
COCOA,PCOCO,1994-M01,1263.62622070313
COCOA,PCOCO,1994-M02,1226.59399414063
COCOA,PCOCO,1994-M03,1307.18884277344
COCOA,PCOCO,1994-M04,1244.00183105469
COCOA,PCOCO,1994-M05,1378.693359375
COCOA,PCOCO,1994-M06,1458.94848632813
COCOA,PCOCO,1994-M07,1555.869140625
COCOA,PCOCO,1994-M08,1551.17114257813
COCOA,PCOCO,1994-M09,1486.26354980469
COCOA,PCOCO,1994-M10,1447.70764160156
COCOA,PCOCO,1994-M11,1430.61608886719
COCOA,PCOCO,1994-M12,1397.50695800781
COCOA,PCOCO,1995-M01,1467.55847167969
COCOA,PCOCO,1995-M02,1510.63232421875
COCOA,PCOCO,1995-M03,1484.93188476563
COCOA,PCOCO,1995-M04,1463.96557617188
COCOA,PCOCO,1995-M05,1448.40893554688
COCOA,PCOCO,1995-M06,1437.16955566406
COCOA,PCOCO,1995-M07,1360.7626953125
COCOA,PCOCO,1995-M08,1410.49462890625
COCOA,PCOCO,1995-M09,1395.07531738281
COCOA,PCOCO,1995-M10,1394.64013671875
COCOA,PCOCO,1995-M11,1435.90319824219
COCOA,PCOCO,1995-M12,1380.9619140625
COCOA,PCOCO,1996-M01,1349.11267089844
COCOA,PCOCO,1996-M02,1370.55334472656
COCOA,PCOCO,1996-M03,1338.60034179688
COCOA,PCOCO,1996-M04,1457.33117675781
COCOA,PCOCO,1996-M05,1524.44140625
COCOA,PCOCO,1996-M06,1537.56213378906
COCOA,PCOCO,1996-M07,1490.37707519531
COCOA,PCOCO,1996-M08,1501.71887207031
COCOA,PCOCO,1996-M09,1475.95288085938
COCOA,PCOCO,1996-M10,1477.580078125
COCOA,PCOCO,1996-M11,1465.53503417969
COCOA,PCOCO,1996-M12,1474.232421875
COCOA,PCOCO,1997-M01,1428.79064941406
COCOA,PCOCO,1997-M02,1373.28405761719
COCOA,PCOCO,1997-M03,1521.87548828125
COCOA,PCOCO,1997-M04,1570.61486816406
COCOA,PCOCO,1997-M05,1568.29809570313
COCOA,PCOCO,1997-M06,1693.62377929688
COCOA,PCOCO,1997-M07,1677.43139648438
COCOA,PCOCO,1997-M08,1649.19458007813
COCOA,PCOCO,1997-M09,1765.58422851563
COCOA,PCOCO,1997-M10,1741.09875488281
COCOA,PCOCO,1997-M11,1696.37390136719
COCOA,PCOCO,1997-M12,1738.74926757813
COCOA,PCOCO,1998-M01,1670.671875
COCOA,PCOCO,1998-M02,1643.22595214844
COCOA,PCOCO,1998-M03,1721.06396484375
COCOA,PCOCO,1998-M04,1720.15942382813
COCOA,PCOCO,1998-M05,1781.40881347656
COCOA,PCOCO,1998-M06,1723.35205078125
COCOA,PCOCO,1998-M07,1712.24377441406
COCOA,PCOCO,1998-M08,1682.50231933594
COCOA,PCOCO,1998-M09,1685.86206054688
COCOA,PCOCO,1998-M10,1647.51867675781
COCOA,PCOCO,1998-M11,1599.91125488281
COCOA,PCOCO,1998-M12,1524.12133789063
COCOA,PCOCO,1999-M01,1455.78771972656
COCOA,PCOCO,1999-M02,1411.13742501879
COCOA,PCOCO,1999-M03,1313.89494312711
COCOA,PCOCO,1999-M04,1177.88805990602
COCOA,PCOCO,1999-M05,1059.23634621547
COCOA,PCOCO,1999-M06,1162.90740491026
COCOA,PCOCO,1999-M07,1113.2391724194
COCOA,PCOCO,1999-M08,1003.57274583327
COCOA,PCOCO,1999-M09,1060.56153712618
COCOA,PCOCO,1999-M10,1021.53721604018
COCOA,PCOCO,1999-M11,922.076617548214
COCOA,PCOCO,1999-M12,918.753685635882
COCOA,PCOCO,2000-M01,918.481742708907
COCOA,PCOCO,2000-M02,860.739968864887
COCOA,PCOCO,2000-M03,925.925803499116
COCOA,PCOCO,2000-M04,911.952356580254
COCOA,PCOCO,2000-M05,909.422413991637
COCOA,PCOCO,2000-M06,948.22785784672
COCOA,PCOCO,2000-M07,967.111550127046
COCOA,PCOCO,2000-M08,877.792726353178
COCOA,PCOCO,2000-M09,882.729175628467
COCOA,PCOCO,2000-M10,877.7229441397
COCOA,PCOCO,2000-M11,873.987159458498
COCOA,PCOCO,2000-M12,892.782646836661
COCOA,PCOCO,2001-M01,966.394992193041
COCOA,PCOCO,2001-M02,1157.46657541196
COCOA,PCOCO,2001-M03,1124.40551391217
COCOA,PCOCO,2001-M04,1083.66282594128
COCOA,PCOCO,2001-M05,1077.43612686205
COCOA,PCOCO,2001-M06,973.29105488682
COCOA,PCOCO,2001-M07,965.322726956721
COCOA,PCOCO,2001-M08,1032.48380906939
COCOA,PCOCO,2001-M09,1026.20329397817
COCOA,PCOCO,2001-M10,1084.86237757982
COCOA,PCOCO,2001-M11,1231.55077881715
COCOA,PCOCO,2001-M12,1337.42945636196
COCOA,PCOCO,2002-M01,1385.93297713796
COCOA,PCOCO,2002-M02,1490.38718251107
COCOA,PCOCO,2002-M03,1592.0292323078
COCOA,PCOCO,2002-M04,1568.14640848596
COCOA,PCOCO,2002-M05,1604.69583787364
COCOA,PCOCO,2002-M06,1656.45666951878
COCOA,PCOCO,2002-M07,1871.99852314152
COCOA,PCOCO,2002-M08,1959.27273311832
COCOA,PCOCO,2002-M09,2167.41225964985
COCOA,PCOCO,2002-M10,2201.49510769065
COCOA,PCOCO,2002-M11,1825.05743790573
COCOA,PCOCO,2002-M12,2025.61102182395
COCOA,PCOCO,2003-M01,2190.138111183638
COCOA,PCOCO,2003-M02,2230.352249546002
COCOA,PCOCO,2003-M03,1993.113008882776
COCOA,PCOCO,2003-M04,1932.194531238293
COCOA,PCOCO,2003-M05,1732.517449677741
COCOA,PCOCO,2003-M06,1579.10846477664
COCOA,PCOCO,2003-M07,1562.70990884092
COCOA,PCOCO,2003-M08,1565.54768021758
COCOA,PCOCO,2003-M09,1625.388516294662
COCOA,PCOCO,2003-M10,1481.681287824141
COCOA,PCOCO,2003-M11,1510.009350291473
COCOA,PCOCO,2003-M12,1627.281284732575
COCOA,PCOCO,2004-M01,1626.397853472964
COCOA,PCOCO,2004-M02,1566.086027858034
COCOA,PCOCO,2004-M03,1504.428407276504
COCOA,PCOCO,2004-M04,1435.668065736375
COCOA,PCOCO,2004-M05,1412.961189054726
COCOA,PCOCO,2004-M06,1407.88545649317
COCOA,PCOCO,2004-M07,1567.864379015536
COCOA,PCOCO,2004-M08,1727.333602658318
COCOA,PCOCO,2004-M09,1541.136667392434
COCOA,PCOCO,2004-M10,1483.802049691204
COCOA,PCOCO,2004-M11,1665.708546757315
COCOA,PCOCO,2004-M12,1672.748829333907
COCOA,PCOCO,2005-M01,1550.215510995197
COCOA,PCOCO,2005-M02,1633.997603246896
COCOA,PCOCO,2005-M03,1764.452850081396
COCOA,PCOCO,2005-M04,1585.950389068003
COCOA,PCOCO,2005-M05,1509.464670026205
COCOA,PCOCO,2005-M06,1538.629959117647
COCOA,PCOCO,2005-M07,1488.315932138419
COCOA,PCOCO,2005-M08,1482.230836273399
COCOA,PCOCO,2005-M09,1504.155998032296
COCOA,PCOCO,2005-M10,1453.830305262717
COCOA,PCOCO,2005-M11,1428.777210167778
COCOA,PCOCO,2005-M12,1517.6103827326
COCOA,PCOCO,2006-M01,1576.229800895267
COCOA,PCOCO,2006-M02,1545.401100099944
COCOA,PCOCO,2006-M03,1545.051276378636
COCOA,PCOCO,2006-M04,1552.340948449021
COCOA,PCOCO,2006-M05,1594.296279187582
COCOA,PCOCO,2006-M06,1605.780388747838
COCOA,PCOCO,2006-M07,1673.206544745691
COCOA,PCOCO,2006-M08,1612.942570393682
COCOA,PCOCO,2006-M09,1566.336072239236
COCOA,PCOCO,2006-M10,1530.171000038575
COCOA,PCOCO,2006-M11,1582.541812451022
COCOA,PCOCO,2006-M12,1702.156247937053
COCOA,PCOCO,2007-M01,1701.928110526284
COCOA,PCOCO,2007-M02,1811.152047880492
COCOA,PCOCO,2007-M03,1924.202510934621
COCOA,PCOCO,2007-M04,1975.432605687484
COCOA,PCOCO,2007-M05,2004.627095264172
COCOA,PCOCO,2007-M06,2012.519109706995
COCOA,PCOCO,2007-M07,2151.665851895946
COCOA,PCOCO,2007-M08,1902.091891932064
COCOA,PCOCO,2007-M09,1965.139165682777
COCOA,PCOCO,2007-M10,1916.669950969118
COCOA,PCOCO,2007-M11,1967.415922670422
COCOA,PCOCO,2007-M12,2119.846359407608
COCOA,PCOCO,2008-M01,2213.53913913183
COCOA,PCOCO,2008-M02,2523.05063110131
COCOA,PCOCO,2008-M03,2649.838708128291
COCOA,PCOCO,2008-M04,2628.329163532905
COCOA,PCOCO,2008-M05,2689.620270622317
COCOA,PCOCO,2008-M06,3021.756666979646
COCOA,PCOCO,2008-M07,2953.671563561796
COCOA,PCOCO,2008-M08,2812.444914167391
COCOA,PCOCO,2008-M09,2672.052451652111
COCOA,PCOCO,2008-M10,2258.676814494698
COCOA,PCOCO,2008-M11,2068.043427198202
COCOA,PCOCO,2008-M12,2432.906002785726
COCOA,PCOCO,2009-M01,2624.293134437377
COCOA,PCOCO,2009-M02,2660.466212000808
COCOA,PCOCO,2009-M03,2501.750941603431
COCOA,PCOCO,2009-M04,2555.166320724756
COCOA,PCOCO,2009-M05,2483.479258929365
COCOA,PCOCO,2009-M06,2700.366201099207
COCOA,PCOCO,2009-M07,2791.351221812666
COCOA,PCOCO,2009-M08,2956.663667269461
COCOA,PCOCO,2009-M09,3142.863875580543
COCOA,PCOCO,2009-M10,3372.503396632913
COCOA,PCOCO,2009-M11,3384.12808576912
COCOA,PCOCO,2009-M12,3517.543641728077
COCOA,PCOCO,2010-M01,3522.095398223476
COCOA,PCOCO,2010-M02,3276.545774759372
COCOA,PCOCO,2010-M03,3089.645813859033
COCOA,PCOCO,2010-M04,3221.237211660404
COCOA,PCOCO,2010-M05,3165.761094462375
COCOA,PCOCO,2010-M06,3230.827679121635
COCOA,PCOCO,2010-M07,3229.547225640463
COCOA,PCOCO,2010-M08,3071.71481749169
COCOA,PCOCO,2010-M09,2874.983613962433
COCOA,PCOCO,2010-M10,2927.454622915055
COCOA,PCOCO,2010-M11,2910.310915683671
COCOA,PCOCO,2010-M12,3047.062142208689
COCOA,PCOCO,2011-M01,3164.484357524074
COCOA,PCOCO,2011-M02,3471.096740952026
COCOA,PCOCO,2011-M03,3392.968519719784
COCOA,PCOCO,2011-M04,3113.508424590516
COCOA,PCOCO,2011-M05,3070.766345460979
COCOA,PCOCO,2011-M06,3015.640806729147
COCOA,PCOCO,2011-M07,3167.184077582505
COCOA,PCOCO,2011-M08,3064.309196384051
COCOA,PCOCO,2011-M09,2873.883127492229
COCOA,PCOCO,2011-M10,2680.046177341821
COCOA,PCOCO,2011-M11,2527.427139627665
COCOA,PCOCO,2011-M12,2200.605171845617
COCOA,PCOCO,2012-M01,2307.76184935725
COCOA,PCOCO,2012-M02,2356.239880674983
COCOA,PCOCO,2012-M03,2359.251293221657
COCOA,PCOCO,2012-M04,2266.782893627504
COCOA,PCOCO,2012-M05,2309.50799142751
COCOA,PCOCO,2012-M06,2265.840096484937
COCOA,PCOCO,2012-M07,2349.818407618305
COCOA,PCOCO,2012-M08,2512.259832824607
COCOA,PCOCO,2012-M09,2620.283670918024
COCOA,PCOCO,2012-M10,2463.536882103969
COCOA,PCOCO,2012-M11,2478.163596243383
COCOA,PCOCO,2012-M12,2431.8220048234
COCOA,PCOCO,2013-M01,2275.43563491533
COCOA,PCOCO,2013-M02,2197.70182383921
COCOA,PCOCO,2013-M03,2153.358711919116
COCOA,PCOCO,2013-M04,2294.720347309174
COCOA,PCOCO,2013-M05,2345.728592612595
COCOA,PCOCO,2013-M06,2283.58387254418
COCOA,PCOCO,2013-M07,2308.529290892983
COCOA,PCOCO,2013-M08,2483.605747302206
COCOA,PCOCO,2013-M09,2616.047323423373
COCOA,PCOCO,2013-M10,2730.69858636798
COCOA,PCOCO,2013-M11,2755.173381847447
COCOA,PCOCO,2013-M12,2824.539142897728
COCOA,PCOCO,2014-M01,2819.430961435849
COCOA,PCOCO,2014-M02,2992.764768216182
COCOA,PCOCO,2014-M03,3041.666977041915
COCOA,PCOCO,2014-M04,3050.612063850701
COCOA,PCOCO,2014-M05,3029.995431246775
COCOA,PCOCO,2014-M06,3174.306116813173
COCOA,PCOCO,2014-M07,3196.039427651862
COCOA,PCOCO,2014-M08,3270.267718105032
COCOA,PCOCO,2014-M09,3221.267374480676
COCOA,PCOCO,2014-M10,3100.829709307327
COCOA,PCOCO,2014-M11,2909.09136669635
COCOA,PCOCO,2014-M12,2946.945359331085
COCOA,PCOCO,2015-M01,2915.604203696815
COCOA,PCOCO,2015-M02,2961.935713599028
COCOA,PCOCO,2015-M03,2878.033167333082
COCOA,PCOCO,2015-M04,2868.274453890995
COCOA,PCOCO,2015-M05,3095.99671499246
COCOA,PCOCO,2015-M06,3239.884178789901
COCOA,PCOCO,2015-M07,3325.960107814971
COCOA,PCOCO,2015-M08,3154.01802015011
COCOA,PCOCO,2015-M09,3278.45236058649
COCOA,PCOCO,2015-M10,3197.339841425306
COCOA,PCOCO,2015-M11,3360.840463215036
COCOA,PCOCO,2015-M12,3345.656219422053
COCOA,PCOCO,2016-M01,2952.416087279926
COCOA,PCOCO,2016-M02,2916.366533804883
COCOA,PCOCO,2016-M03,3073.519138038904
COCOA,PCOCO,2016-M04,3078.493533303232
COCOA,PCOCO,2016-M05,3098.388583712312
COCOA,PCOCO,2016-M06,3122.750282672005
COCOA,PCOCO,2016-M07,3049.97729681518
COCOA,PCOCO,2016-M08,3032.488202967675
COCOA,PCOCO,2016-M09,2881.187370130423
COCOA,PCOCO,2016-M10,2711.350911108781
COCOA,PCOCO,2016-M11,2482.831263561154
COCOA,PCOCO,2016-M12,2295.309671675806
COCOA,PCOCO,2017-M01,2193.826741247014
COCOA,PCOCO,2017-M02,2034.083963280632
COCOA,PCOCO,2017-M03,2063.093780819666
COCOA,PCOCO,2017-M04,1961.157309598984
COCOA,PCOCO,2017-M05,1983.484853875466
COCOA,PCOCO,2017-M06,1998.245323435753
COCOA,PCOCO,2017-M07,1988.577538659073
COCOA,PCOCO,2017-M08,1988.558584783233
COCOA,PCOCO,2017-M09,1998.295965440823
COCOA,PCOCO,2017-M10,2097.05323803964
COCOA,PCOCO,2017-M11,2127.901902376036
COCOA,PCOCO,2017-M12,1917.77560409513
COCOA,PCOCO,2018-M01,1951.82636758628
COCOA,PCOCO,2018-M02,2122.798561057884
COCOA,PCOCO,2018-M03,2503.951234417955
COCOA,PCOCO,2018-M04,2624.735334567552
COCOA,PCOCO,2018-M05,2659.613165325658
COCOA,PCOCO,2018-M06,2410.758626334176
COCOA,PCOCO,2018-M07,2357.047885451822
COCOA,PCOCO,2018-M08,2171.610710741114
COCOA,PCOCO,2018-M09,2194.885796215118
COCOA,PCOCO,2018-M10,2134.198771752197
COCOA,PCOCO,2018-M11,2185.034302482648
COCOA,PCOCO,2018-M12,2208.408043081941
COCOA,PCOCO,2019-M01,2263.33503646733
COCOA,PCOCO,2019-M02,2255.804973027123
COCOA,PCOCO,2019-M03,2200.484673697226
COCOA,PCOCO,2019-M04,2331.131022093401
COCOA,PCOCO,2019-M05,2315.072399680168
COCOA,PCOCO,2019-M06,2407.731087737107
COCOA,PCOCO,2019-M07,2416.529621091949
COCOA,PCOCO,2019-M08,2194.69841555263
COCOA,PCOCO,2019-M09,2305.34171365752
COCOA,PCOCO,2019-M10,2435.274540237115
COCOA,PCOCO,2019-M11,2519.662532311881
COCOA,PCOCO,2019-M12,2444.792078123784
COCOA,PCOCO,2020-M01,2603.075561212662
COCOA,PCOCO,2020-M02,2716.214397777276
COCOA,PCOCO,2020-M03,2338.470536222704
COCOA,PCOCO,2020-M04,2270.238696846814
COCOA,PCOCO,2020-M05,2317.453931564956
COCOA,PCOCO,2020-M06,2228.617635584422
COCOA,PCOCO,2020-M07,2102.07713180143
COCOA,PCOCO,2020-M08,2348.676309262007
COCOA,PCOCO,2020-M09,2457.611923658554
COCOA,PCOCO,2020-M10,2292.054175567769
COCOA,PCOCO,2020-M11,2359.243716161572
COCOA,PCOCO,2020-M12,2405.76492397114
COCOA,PCOCO,2021-M01,2392.973563420423
COCOA,PCOCO,2021-M02,2383.028506656238
COCOA,PCOCO,2021-M03,2471.204322165759
COCOA,PCOCO,2021-M04,2366.486057293951
COCOA,PCOCO,2021-M05,2409.357431265938
COCOA,PCOCO,2021-M06,2366.29376388017
COCOA,PCOCO,2021-M07,2328.27955315558
COCOA,PCOCO,2021-M08,2477.500361669303
COCOA,PCOCO,2021-M09,2552.76442186016
COCOA,PCOCO,2021-M10,2573.725247930012
COCOA,PCOCO,2021-M11,2405.874465485019
COCOA,PCOCO,2021-M12,2378.73085848743
COCOA,PCOCO,2022-M01,2467.356862582399
COCOA,PCOCO,2022-M02,2551.326883584084
COCOA,PCOCO,2022-M03,2459.398319640722
COCOA,PCOCO,2022-M04,2457.384107289146
COCOA,PCOCO,2022-M05,2363.871129036004
COCOA,PCOCO,2022-M06,2323.116687244048
COCOA,PCOCO,2022-M07,2239.402286127753
COCOA,PCOCO,2022-M08,2270.102773614096
COCOA,PCOCO,2022-M09,2220.214244629552
COCOA,PCOCO,2022-M10,2243.631098250515
COCOA,PCOCO,2022-M11,2380.803070269115
COCOA,PCOCO,2022-M12,2456.226953758389
COCOA,PCOCO,2023-M01,2540.076523955292
COCOA,PCOCO,2023-M02,2586.526817028014
COCOA,PCOCO,2023-M03,2665.791316276091
COCOA,PCOCO,2023-M04,2823.273984567432
COCOA,PCOCO,2023-M05,2905.341733304136
COCOA,PCOCO,2023-M06,3124.43913501557
COCOA,PCOCO,2023-M07,3346.634548507881
COCOA,PCOCO,2023-M08,3434.406596186068
COCOA,PCOCO,2023-M09,3629.166883389024
COCOA,PCOCO,2023-M10,3691.614716182179
COCOA,PCOCO,2023-M11,4095.356207101358
COCOA,PCOCO,2023-M12,4253.904329112389
COCOA,PCOCO,2024-M01,4442.919775442222
COCOA,PCOCO,2024-M02,5640.087618677671
COCOA,PCOCO,2024-M03,7297.553884071729
COCOA,PCOCO,2024-M04,9865.206034438286
COCOA,PCOCO,2024-M05,7768.098379830387
COCOA,PCOCO,2024-M06,8380.12660951907
COCOA,PCOCO,2024-M07,7164.628035294687
COCOA,PCOCO,2024-M08,6791.953817048214
COCOA,PCOCO,2024-M09,6421.825658655629
COCOA,PCOCO,2024-M10,6582.858019361083
COCOA,PCOCO,2024-M11,7919.328269586367
COCOA,PCOCO,2024-M12,10412.18571198528
COCOA,PCOCO,2025-M01,10710.34548327711
COCOA,PCOCO,2025-M02,9792.664209159075
COCOA,PCOCO,2025-M03,8079.556127661486
COCOA,PCOCO,2025-M04,8132.218491705632
COCOA,PCOCO,2025-M05,9000.787338851027
COCOA,PCOCO,2025-M06,8401.952731292095
COCOA,PCOCO,2025-M07,7371.890765758022
COCOA,PCOCO,2025-M08,7604.123627133267
COCOA,PCOCO,2025-M09,7006.525855528091
COCOA,PCOCO,2025-M10,5953.5678143082
COCOA,PCOCO,2025-M11,5590.70810325549
COCOA,PCOCO,2025-M12,5814.856918567877
COCOA,PCOCO,2026-M01,5018.131520727123
COCOA,PCOCO,2026-M02,3587.185951183889
COCOA,PCOCO,2026-M03,3241.488951294424
COCOA,PCOCO,2026-M04,3392.143554226435
COCOA,PCOCO,2026-M05,4142.973092507544
COCOA,PCOCO,2026-M06,4395.458431945616
COCOA,PCOCO,2026-M07,5619.189873586655
COFFEE,PCOFFOTM,1992-M01,73.03181818181818
COFFEE,PCOFFOTM,1992-M02,69.298
COFFEE,PCOFFOTM,1992-M03,69.89363636363636
COFFEE,PCOFFOTM,1992-M04,66.52227272727273
COFFEE,PCOFFOTM,1992-M05,60.79666666666667
COFFEE,PCOFFOTM,1992-M06,59.44818181818182
COFFEE,PCOFFOTM,1992-M07,58.34913043478261
COFFEE,PCOFFOTM,1992-M08,53.35380952380952
COFFEE,PCOFFOTM,1992-M09,51.67318181818182
COFFEE,PCOFFOTM,1992-M10,50.83
COFFEE,PCOFFOTM,1992-M11,52.51285714285714
COFFEE,PCOFFOTM,1992-M12,75.13913043478261
COFFEE,PCOFFOTM,1993-M01,71.81904761904762
COFFEE,PCOFFOTM,1993-M02,67.4365
COFFEE,PCOFFOTM,1993-M03,64.68130434782609
COFFEE,PCOFFOTM,1993-M04,58.41454545454545
COFFEE,PCOFFOTM,1993-M05,61.65904761904762
COFFEE,PCOFFOTM,1993-M06,63.19045454545455
COFFEE,PCOFFOTM,1993-M07,70.47909090909091
COFFEE,PCOFFOTM,1993-M08,76.18727272727273
COFFEE,PCOFFOTM,1993-M09,81.12181818181818
COFFEE,PCOFFOTM,1993-M10,76.64333333333333
COFFEE,PCOFFOTM,1993-M11,79.23863636363636
COFFEE,PCOFFOTM,1993-M12,82.55260869565217
COFFEE,PCOFFOTM,1994-M01,79.58238095238095
COFFEE,PCOFFOTM,1994-M02,83.2
COFFEE,PCOFFOTM,1994-M03,87.01478260869565
COFFEE,PCOFFOTM,1994-M04,90.93761904761905
COFFEE,PCOFFOTM,1994-M05,117.1663636363636
COFFEE,PCOFFOTM,1994-M06,133.3613636363636
COFFEE,PCOFFOTM,1994-M07,201.41
COFFEE,PCOFFOTM,1994-M08,199.1395652173913
COFFEE,PCOFFOTM,1994-M09,218.6804545454545
COFFEE,PCOFFOTM,1994-M10,207.3138095238095
COFFEE,PCOFFOTM,1994-M11,188.1163636363636
COFFEE,PCOFFOTM,1994-M12,162.265
COFFEE,PCOFFOTM,1995-M01,171.0881818181818
COFFEE,PCOFFOTM,1995-M02,167.475
COFFEE,PCOFFOTM,1995-M03,179.2108695652174
COFFEE,PCOFFOTM,1995-M04,173.237
COFFEE,PCOFFOTM,1995-M05,173.245652173913
COFFEE,PCOFFOTM,1995-M06,158.6031818181818
COFFEE,PCOFFOTM,1995-M07,140.2966666666667
COFFEE,PCOFFOTM,1995-M08,150.9917391304348
COFFEE,PCOFFOTM,1995-M09,137.1380952380952
COFFEE,PCOFFOTM,1995-M10,127.0859090909091
COFFEE,PCOFFOTM,1995-M11,125.2604545454545
COFFEE,PCOFFOTM,1995-M12,106.3680952380952
COFFEE,PCOFFOTM,1996-M01,107.9617391304348
COFFEE,PCOFFOTM,1996-M02,124.7804761904762
COFFEE,PCOFFOTM,1996-M03,120.807619047619
COFFEE,PCOFFOTM,1996-M04,121.8831818181818
COFFEE,PCOFFOTM,1996-M05,129.595652173913
COFFEE,PCOFFOTM,1996-M06,125.03
COFFEE,PCOFFOTM,1996-M07,123.7008695652174
COFFEE,PCOFFOTM,1996-M08,125.5077272727273
COFFEE,PCOFFOTM,1996-M09,119.812380952381
COFFEE,PCOFFOTM,1996-M10,123.7769565217391
COFFEE,PCOFFOTM,1996-M11,123.9138095238095
COFFEE,PCOFFOTM,1996-M12,116.8936363636364
COFFEE,PCOFFOTM,1997-M01,131.2339130434783
COFFEE,PCOFFOTM,1997-M02,166.3255
COFFEE,PCOFFOTM,1997-M03,193.4080952380952
COFFEE,PCOFFOTM,1997-M04,205.4409090909091
COFFEE,PCOFFOTM,1997-M05,265.6059090909091
COFFEE,PCOFFOTM,1997-M06,226.7609523809524
COFFEE,PCOFFOTM,1997-M07,190.1582608695652
COFFEE,PCOFFOTM,1997-M08,191.0990476190476
COFFEE,PCOFFOTM,1997-M09,190.8645454545455
COFFEE,PCOFFOTM,1997-M10,169.1491304347826
COFFEE,PCOFFOTM,1997-M11,160.3115
COFFEE,PCOFFOTM,1997-M12,176.7795652173913
COFFEE,PCOFFOTM,1998-M01,176.9136363636364
COFFEE,PCOFFOTM,1998-M02,178.374
COFFEE,PCOFFOTM,1998-M03,158.39
COFFEE,PCOFFOTM,1998-M04,150.255
COFFEE,PCOFFOTM,1998-M05,138.937619047619
COFFEE,PCOFFOTM,1998-M06,126.6631818181818
COFFEE,PCOFFOTM,1998-M07,116.9413043478261
COFFEE,PCOFFOTM,1998-M08,123.6471428571429
COFFEE,PCOFFOTM,1998-M09,112.9440909090909
COFFEE,PCOFFOTM,1998-M10,109.3872727272727
COFFEE,PCOFFOTM,1998-M11,116.1219047619048
COFFEE,PCOFFOTM,1998-M12,117.0560869565217
COFFEE,PCOFFOTM,1999-M01,114.227619047619
COFFEE,PCOFFOTM,1999-M02,104.762
COFFEE,PCOFFOTM,1999-M03,105.1321739130435
COFFEE,PCOFFOTM,1999-M04,102.8286363636364
COFFEE,PCOFFOTM,1999-M05,111.3547619047619
COFFEE,PCOFFOTM,1999-M06,108.1172727272727
COFFEE,PCOFFOTM,1999-M07,95.79181818181818
COFFEE,PCOFFOTM,1999-M08,91.49954545454545
COFFEE,PCOFFOTM,1999-M09,84.52409090909091
COFFEE,PCOFFOTM,1999-M10,92.75904761904762
COFFEE,PCOFFOTM,1999-M11,112.4509090909091
COFFEE,PCOFFOTM,1999-M12,123.1652173913043
COFFEE,PCOFFOTM,2000-M01,111.8514285714286
COFFEE,PCOFFOTM,2000-M02,104.0414285714286
COFFEE,PCOFFOTM,2000-M03,100.6526086956522
COFFEE,PCOFFOTM,2000-M04,94.65
COFFEE,PCOFFOTM,2000-M05,91.50608695652174
COFFEE,PCOFFOTM,2000-M06,86.89409090909091
COFFEE,PCOFFOTM,2000-M07,87.65619047619048
COFFEE,PCOFFOTM,2000-M08,79.30391304347826
COFFEE,PCOFFOTM,2000-M09,75.8352380952381
COFFEE,PCOFFOTM,2000-M10,76.76454545454545
COFFEE,PCOFFOTM,2000-M11,71.39045454545455
COFFEE,PCOFFOTM,2000-M12,65.90333333333333
COFFEE,PCOFFOTM,2001-M01,65.65260869565217
COFFEE,PCOFFOTM,2001-M02,67.2755
COFFEE,PCOFFOTM,2001-M03,66.66590909090909
COFFEE,PCOFFOTM,2001-M04,65.99761904761905
COFFEE,PCOFFOTM,2001-M05,69.63130434782609
COFFEE,PCOFFOTM,2001-M06,63.84619047619048
COFFEE,PCOFFOTM,2001-M07,58.94136363636364
COFFEE,PCOFFOTM,2001-M08,59.33130434782609
COFFEE,PCOFFOTM,2001-M09,58.267
COFFEE,PCOFFOTM,2001-M10,56.36782608695652
COFFEE,PCOFFOTM,2001-M11,58.84772727272727
COFFEE,PCOFFOTM,2001-M12,56.5852380952381
COFFEE,PCOFFOTM,2002-M01,58.24304347826087
COFFEE,PCOFFOTM,2002-M02,59.116
COFFEE,PCOFFOTM,2002-M03,64.07047619047619
COFFEE,PCOFFOTM,2002-M04,65.33681818181818
COFFEE,PCOFFOTM,2002-M05,61.4604347826087
COFFEE,PCOFFOTM,2002-M06,58.5555
COFFEE,PCOFFOTM,2002-M07,56.47739130434783
COFFEE,PCOFFOTM,2002-M08,54.36409090909091
COFFEE,PCOFFOTM,2002-M09,60.66619047619048
COFFEE,PCOFFOTM,2002-M10,65.73086956521739
COFFEE,PCOFFOTM,2002-M11,69.86809523809524
COFFEE,PCOFFOTM,2002-M12,63.65590909090909
COFFEE,PCOFFOTM,2003-M01,65.38347826086957
COFFEE,PCOFFOTM,2003-M02,66.4085
COFFEE,PCOFFOTM,2003-M03,61.74809523809524
COFFEE,PCOFFOTM,2003-M04,64.69227272727273
COFFEE,PCOFFOTM,2003-M05,66.09681818181818
COFFEE,PCOFFOTM,2003-M06,61.04666666666667
COFFEE,PCOFFOTM,2003-M07,62.95130434782609
COFFEE,PCOFFOTM,2003-M08,63.89142857142857
COFFEE,PCOFFOTM,2003-M09,66.41045454545455
COFFEE,PCOFFOTM,2003-M10,64.28347826086957
COFFEE,PCOFFOTM,2003-M11,62.2775
COFFEE,PCOFFOTM,2003-M12,64.88434782608696
COFFEE,PCOFFOTM,2004-M01,72.02863636363636
COFFEE,PCOFFOTM,2004-M02,76.2255
COFFEE,PCOFFOTM,2004-M03,78.05913043478261
COFFEE,PCOFFOTM,2004-M04,75.53772727272727
COFFEE,PCOFFOTM,2004-M05,77.44
COFFEE,PCOFFOTM,2004-M06,82.21454545454545
COFFEE,PCOFFOTM,2004-M07,74.96772727272727
COFFEE,PCOFFOTM,2004-M08,73.60818181818182
COFFEE,PCOFFOTM,2004-M09,80.46590909090909
COFFEE,PCOFFOTM,2004-M10,80.55095238095238
COFFEE,PCOFFOTM,2004-M11,90.26772727272727
COFFEE,PCOFFOTM,2004-M12,104.3882608695652
COFFEE,PCOFFOTM,2005-M01,107.1642857142857
COFFEE,PCOFFOTM,2005-M02,120.8325
COFFEE,PCOFFOTM,2005-M03,134.7778260869565
COFFEE,PCOFFOTM,2005-M04,129.5295238095238
COFFEE,PCOFFOTM,2005-M05,128.3977272727273
COFFEE,PCOFFOTM,2005-M06,121.1559090909091
COFFEE,PCOFFOTM,2005-M07,109.9285714285714
COFFEE,PCOFFOTM,2005-M08,108.2039130434783
COFFEE,PCOFFOTM,2005-M09,99.49090909090909
COFFEE,PCOFFOTM,2005-M10,105.0990476190476
COFFEE,PCOFFOTM,2005-M11,107.7422727272727
COFFEE,PCOFFOTM,2005-M12,105.9245454545455
COFFEE,PCOFFOTM,2006-M01,124.1986363636364
COFFEE,PCOFFOTM,2006-M02,119.1215
COFFEE,PCOFFOTM,2006-M03,113.6604347826087
COFFEE,PCOFFOTM,2006-M04,115.3375
COFFEE,PCOFFOTM,2006-M05,109.6295652173913
COFFEE,PCOFFOTM,2006-M06,103.1495454545455
COFFEE,PCOFFOTM,2006-M07,104.997619047619
COFFEE,PCOFFOTM,2006-M08,111.73
COFFEE,PCOFFOTM,2006-M09,109.8266666666667
COFFEE,PCOFFOTM,2006-M10,110.6331818181818
COFFEE,PCOFFOTM,2006-M11,122.2654545454545
COFFEE,PCOFFOTM,2006-M12,128.3561904761905
COFFEE,PCOFFOTM,2007-M01,124.694347826087
COFFEE,PCOFFOTM,2007-M02,122.032
COFFEE,PCOFFOTM,2007-M03,117.0836363636364
COFFEE,PCOFFOTM,2007-M04,114.6947619047619
COFFEE,PCOFFOTM,2007-M05,113.3269565217391
COFFEE,PCOFFOTM,2007-M06,119.3280952380952
COFFEE,PCOFFOTM,2007-M07,117.6331818181818
COFFEE,PCOFFOTM,2007-M08,123.1508695652174
COFFEE,PCOFFOTM,2007-M09,128.0435
COFFEE,PCOFFOTM,2007-M10,134.2908695652174
COFFEE,PCOFFOTM,2007-M11,131.0454545454545
COFFEE,PCOFFOTM,2007-M12,138.0428571428571
COFFEE,PCOFFOTM,2008-M01,139.8226086956522
COFFEE,PCOFFOTM,2008-M02,157.2895238095238
COFFEE,PCOFFOTM,2008-M03,149.2204761904762
COFFEE,PCOFFOTM,2008-M04,140.7045454545455
COFFEE,PCOFFOTM,2008-M05,142.0436363636364
COFFEE,PCOFFOTM,2008-M06,146.1495238095238
COFFEE,PCOFFOTM,2008-M07,147.3569565217391
COFFEE,PCOFFOTM,2008-M08,146.4280952380952
COFFEE,PCOFFOTM,2008-M09,143.2690909090909
COFFEE,PCOFFOTM,2008-M10,123.5869565217391
COFFEE,PCOFFOTM,2008-M11,121.886
COFFEE,PCOFFOTM,2008-M12,118.7921739130435
COFFEE,PCOFFOTM,2009-M01,127.8072727272727
COFFEE,PCOFFOTM,2009-M02,129.4815
COFFEE,PCOFFOTM,2009-M03,128.52
COFFEE,PCOFFOTM,2009-M04,135.0781818181818
COFFEE,PCOFFOTM,2009-M05,150.492380952381
COFFEE,PCOFFOTM,2009-M06,149.7813636363636
COFFEE,PCOFFOTM,2009-M07,140.8978260869565
COFFEE,PCOFFOTM,2009-M08,149.7619047619048
COFFEE,PCOFFOTM,2009-M09,148.51
COFFEE,PCOFFOTM,2009-M10,154.5722727272727
COFFEE,PCOFFOTM,2009-M11,152.2104761904762
COFFEE,PCOFFOTM,2009-M12,157.9439130434783
COFFEE,PCOFFOTM,2010-M01,158.6557142857143
COFFEE,PCOFFOTM,2010-M02,157.8565
COFFEE,PCOFFOTM,2010-M03,164.5026086956522
COFFEE,PCOFFOTM,2010-M04,169.3895454545455
COFFEE,PCOFFOTM,2010-M05,173.3690476190476
COFFEE,PCOFFOTM,2010-M06,190.9031818181818
COFFEE,PCOFFOTM,2010-M07,203.2136363636364
COFFEE,PCOFFOTM,2010-M08,211.59
COFFEE,PCOFFOTM,2010-M09,222.7131818181818
COFFEE,PCOFFOTM,2010-M10,217.4390476190476
COFFEE,PCOFFOTM,2010-M11,233.5127272727273
COFFEE,PCOFFOTM,2010-M12,249.4439130434783
COFFEE,PCOFFOTM,2011-M01,263.7657142857143
COFFEE,PCOFFOTM,2011-M02,288.3885
COFFEE,PCOFFOTM,2011-M03,292.0673913043478
COFFEE,PCOFFOTM,2011-M04,300.4771428571429
COFFEE,PCOFFOTM,2011-M05,291.0659090909091
COFFEE,PCOFFOTM,2011-M06,274.9809090909091
COFFEE,PCOFFOTM,2011-M07,268.0214285714286
COFFEE,PCOFFOTM,2011-M08,270.4404347826087
COFFEE,PCOFFOTM,2011-M09,274.8804545454545
COFFEE,PCOFFOTM,2011-M10,247.8238095238095
COFFEE,PCOFFOTM,2011-M11,245.0872727272727
COFFEE,PCOFFOTM,2011-M12,236.2977272727273
COFFEE,PCOFFOTM,2012-M01,237.2068181818182
COFFEE,PCOFFOTM,2012-M02,224.157619047619
COFFEE,PCOFFOTM,2012-M03,201.2559090909091
COFFEE,PCOFFOTM,2012-M04,191.4485714285714
COFFEE,PCOFFOTM,2012-M05,184.3647826086957
COFFEE,PCOFFOTM,2012-M06,168.6866666666667
COFFEE,PCOFFOTM,2012-M07,190.4459090909091
COFFEE,PCOFFOTM,2012-M08,174.824347826087
COFFEE,PCOFFOTM,2012-M09,178.977
COFFEE,PCOFFOTM,2012-M10,173.3173913043478
COFFEE,PCOFFOTM,2012-M11,159.9063636363636
COFFEE,PCOFFOTM,2012-M12,152.707619047619
COFFEE,PCOFFOTM,2013-M01,157.0373913043478
COFFEE,PCOFFOTM,2013-M02,149.459
COFFEE,PCOFFOTM,2013-M03,149.8080952380952
COFFEE,PCOFFOTM,2013-M04,149.7868181818182
COFFEE,PCOFFOTM,2013-M05,147.1860869565217
COFFEE,PCOFFOTM,2013-M06,138.2595
COFFEE,PCOFFOTM,2013-M07,138.3873913043478
COFFEE,PCOFFOTM,2013-M08,135.1540909090909
COFFEE,PCOFFOTM,2013-M09,132.2814285714286
COFFEE,PCOFFOTM,2013-M10,128.6986956521739
COFFEE,PCOFFOTM,2013-M11,122.0180952380952
COFFEE,PCOFFOTM,2013-M12,125.7354545454545
COFFEE,PCOFFOTM,2014-M01,132.5182608695652
COFFEE,PCOFFOTM,2014-M02,173.6435
COFFEE,PCOFFOTM,2014-M03,214.0866666666667
COFFEE,PCOFFOTM,2014-M04,223.4940909090909
COFFEE,PCOFFOTM,2014-M05,214.2027272727273
COFFEE,PCOFFOTM,2014-M06,197.8909523809524
COFFEE,PCOFFOTM,2014-M07,196.8952173913043
COFFEE,PCOFFOTM,2014-M08,212.9652380952381
COFFEE,PCOFFOTM,2014-M09,210.5263636363636
COFFEE,PCOFFOTM,2014-M10,225.285652173913
COFFEE,PCOFFOTM,2014-M11,209.376
COFFEE,PCOFFOTM,2014-M12,193.3860869565217
COFFEE,PCOFFOTM,2015-M01,189.6263636363636
COFFEE,PCOFFOTM,2015-M02,178.8885
COFFEE,PCOFFOTM,2015-M03,160.7359090909091
COFFEE,PCOFFOTM,2015-M04,163.9977272727273
COFFEE,PCOFFOTM,2015-M05,158.4828571428571
COFFEE,PCOFFOTM,2015-M06,159.755
COFFEE,PCOFFOTM,2015-M07,154.4465217391304
COFFEE,PCOFFOTM,2015-M08,156.9233333333333
COFFEE,PCOFFOTM,2015-M09,146.1468181818182
COFFEE,PCOFFOTM,2015-M10,153.2504545454545
COFFEE,PCOFFOTM,2015-M11,147.9785714285714
COFFEE,PCOFFOTM,2015-M12,148.6121739130435
COFFEE,PCOFFOTM,2016-M01,145.4347619047619
COFFEE,PCOFFOTM,2016-M02,147.6971428571429
COFFEE,PCOFFOTM,2016-M03,157.6313043478261
COFFEE,PCOFFOTM,2016-M04,154.217619047619
COFFEE,PCOFFOTM,2016-M05,155.1945454545455
COFFEE,PCOFFOTM,2016-M06,165.4522727272727
COFFEE,PCOFFOTM,2016-M07,171.7638095238095
COFFEE,PCOFFOTM,2016-M08,167.5413043478261
COFFEE,PCOFFOTM,2016-M09,176.2954545454545
COFFEE,PCOFFOTM,2016-M10,178.9552380952381
COFFEE,PCOFFOTM,2016-M11,184.1154545454545
COFFEE,PCOFFOTM,2016-M12,161.7809090909091
COFFEE,PCOFFOTM,2017-M01,168.6127272727273
COFFEE,PCOFFOTM,2017-M02,166.351
COFFEE,PCOFFOTM,2017-M03,160.1504347826087
COFFEE,PCOFFOTM,2017-M04,155.574
COFFEE,PCOFFOTM,2017-M05,150
COFFEE,PCOFFOTM,2017-M06,143.2227272727273
COFFEE,PCOFFOTM,2017-M07,149.8028571428571
COFFEE,PCOFFOTM,2017-M08,149.8773913043478
COFFEE,PCOFFOTM,2017-M09,146.5604761904762
COFFEE,PCOFFOTM,2017-M10,140.7095454545455
COFFEE,PCOFFOTM,2017-M11,140.9040909090909
COFFEE,PCOFFOTM,2017-M12,137.3061904761905
COFFEE,PCOFFOTM,2018-M01,138.8760869565217
COFFEE,PCOFFOTM,2018-M02,136.2835
COFFEE,PCOFFOTM,2018-M03,134.9390909090909
COFFEE,PCOFFOTM,2018-M04,134.3395238095238
COFFEE,PCOFFOTM,2018-M05,135.6095652173913
COFFEE,PCOFFOTM,2018-M06,134.0338095238095
COFFEE,PCOFFOTM,2018-M07,130.5986363636364
COFFEE,PCOFFOTM,2018-M08,125.2108695652174
COFFEE,PCOFFOTM,2018-M09,121.18
COFFEE,PCOFFOTM,2018-M10,137.3417391304348
COFFEE,PCOFFOTM,2018-M11,137.1077272727273
COFFEE,PCOFFOTM,2018-M12,127.0585714285714
COFFEE,PCOFFOTM,2019-M01,128.3573913043478
COFFEE,PCOFFOTM,2019-M02,128.454
COFFEE,PCOFFOTM,2019-M03,123.8885714285714
COFFEE,PCOFFOTM,2019-M04,120.9904545454545
COFFEE,PCOFFOTM,2019-M05,120.5491304347826
COFFEE,PCOFFOTM,2019-M06,129.7235
COFFEE,PCOFFOTM,2019-M07,135.4704347826087
COFFEE,PCOFFOTM,2019-M08,126.2795454545455
COFFEE,PCOFFOTM,2019-M09,128.8942857142857
COFFEE,PCOFFOTM,2019-M10,127.0513043478261
COFFEE,PCOFFOTM,2019-M11,140.9814285714286
COFFEE,PCOFFOTM,2019-M12,156.0290909090909
COFFEE,PCOFFOTM,2020-M01,142.9365217391304
COFFEE,PCOFFOTM,2020-M02,135.5005
COFFEE,PCOFFOTM,2020-M03,148.3272727272727
COFFEE,PCOFFOTM,2020-M04,154.6304545454545
COFFEE,PCOFFOTM,2020-M05,149.9161904761905
COFFEE,PCOFFOTM,2020-M06,141.52
COFFEE,PCOFFOTM,2020-M07,146.7808695652174
COFFEE,PCOFFOTM,2020-M08,163.0714285714286
COFFEE,PCOFFOTM,2020-M09,166.5645454545455
COFFEE,PCOFFOTM,2020-M10,152.0568181818182
COFFEE,PCOFFOTM,2020-M11,150.7261904761905
COFFEE,PCOFFOTM,2020-M12,157.9526086956522
COFFEE,PCOFFOTM,2021-M01,160.8195238095238
COFFEE,PCOFFOTM,2021-M02,166.429
COFFEE,PCOFFOTM,2021-M03,167.0508695652174
COFFEE,PCOFFOTM,2021-M04,168.6486363636364
COFFEE,PCOFFOTM,2021-M05,186.4628571428571
COFFEE,PCOFFOTM,2021-M06,192.0645454545455
COFFEE,PCOFFOTM,2021-M07,204.5009090909091
COFFEE,PCOFFOTM,2021-M08,216.4345454545455
COFFEE,PCOFFOTM,2021-M09,225.5368181818182
COFFEE,PCOFFOTM,2021-M10,241.0733333333333
COFFEE,PCOFFOTM,2021-M11,258.9781818181818
COFFEE,PCOFFOTM,2021-M12,268.3291304347826
COFFEE,PCOFFOTM,2022-M01,271.0814285714286
COFFEE,PCOFFOTM,2022-M02,279.8335
COFFEE,PCOFFOTM,2022-M03,258.9934782608696
COFFEE,PCOFFOTM,2022-M04,265.397619047619
COFFEE,PCOFFOTM,2022-M05,260.4495454545455
COFFEE,PCOFFOTM,2022-M06,273.7636363636364
COFFEE,PCOFFOTM,2022-M07,255.9066666666667
COFFEE,PCOFFOTM,2022-M08,268.4834782608696
COFFEE,PCOFFOTM,2022-M09,267.4922727272727
COFFEE,PCOFFOTM,2022-M10,240.082380952381
COFFEE,PCOFFOTM,2022-M11,213.7181818181818
COFFEE,PCOFFOTM,2022-M12,210.3886363636364
COFFEE,PCOFFOTM,2023-M01,206.76
COFFEE,PCOFFOTM,2023-M02,229.506
COFFEE,PCOFFOTM,2023-M03,222.6639130434783
COFFEE,PCOFFOTM,2023-M04,229.9555
COFFEE,PCOFFOTM,2023-M05,220.1213043478261
COFFEE,PCOFFOTM,2023-M06,207.385
COFFEE,PCOFFOTM,2023-M07,193.4942857142857
COFFEE,PCOFFOTM,2023-M08,186.3469565217391
COFFEE,PCOFFOTM,2023-M09,183.5890476190476
COFFEE,PCOFFOTM,2023-M10,183.9513636363636
COFFEE,PCOFFOTM,2023-M11,197.4331818181818
COFFEE,PCOFFOTM,2023-M12,210.3104761904762
COFFEE,PCOFFOTM,2024-M01,203.8791304347826
COFFEE,PCOFFOTM,2024-M02,208.7833333333333
COFFEE,PCOFFOTM,2024-M03,208.9133333333333
COFFEE,PCOFFOTM,2024-M04,239.8663636363636
COFFEE,PCOFFOTM,2024-M05,232.3426086956522
COFFEE,PCOFFOTM,2024-M06,248.405
COFFEE,PCOFFOTM,2024-M07,257.0986956521739
COFFEE,PCOFFOTM,2024-M08,261.4377272727273
COFFEE,PCOFFOTM,2024-M09,278.7604761904762
COFFEE,PCOFFOTM,2024-M10,276.7773913043478
COFFEE,PCOFFOTM,2024-M11,304.9528571428571
COFFEE,PCOFFOTM,2024-M12,344.1186363636364
COFFEE,PCOFFOTM,2025-M01,353.9334782608696
COFFEE,PCOFFOTM,2025-M02,409.5165
COFFEE,PCOFFOTM,2025-M03,404.2104761904762
COFFEE,PCOFFOTM,2025-M04,392.9127272727273
COFFEE,PCOFFOTM,2025-M05,397.5886363636364
COFFEE,PCOFFOTM,2025-M06,363.162380952381
COFFEE,PCOFFOTM,2025-M07,316.725652173913
COFFEE,PCOFFOTM,2025-M08,365.6857142857143
COFFEE,PCOFFOTM,2025-M09,399.5513636363636
COFFEE,PCOFFOTM,2025-M10,403.7926086956522
COFFEE,PCOFFOTM,2025-M11,409.679
COFFEE,PCOFFOTM,2025-M12,380.4172727272727
COFFEE,PCOFFOTM,2026-M01,363.9104545454545
COFFEE,PCOFFOTM,2026-M02,321.3525
COFFEE,PCOFFOTM,2026-M03,334.1118181818182
COFFEE,PCOFFOTM,2026-M04,331.2227272727273
COFFEE,PCOFFOTM,2026-M05,315.0595238095238
COFFEE,PCOFFOTM,2026-M06,307.8263636363636
COFFEE,PCOFFOTM,2026-M07,359.1622727272727
COFFEE,PCOFFROB,1992-M01,48.81636363636364
COFFEE,PCOFFROB,1992-M02,43.5925
COFFEE,PCOFFROB,1992-M03,42.50954545454545
COFFEE,PCOFFROB,1992-M04,41.91409090909091
COFFEE,PCOFFROB,1992-M05,38.14761904761905
COFFEE,PCOFFROB,1992-M06,37.19045454545455
COFFEE,PCOFFROB,1992-M07,39.09782608695652
COFFEE,PCOFFROB,1992-M08,39.00285714285714
COFFEE,PCOFFROB,1992-M09,40.905
COFFEE,PCOFFROB,1992-M10,40.88
COFFEE,PCOFFROB,1992-M11,44.75047619047619
COFFEE,PCOFFROB,1992-M12,49.88086956521739
COFFEE,PCOFFROB,1993-M01,47.65666666666667
COFFEE,PCOFFROB,1993-M02,46.788
COFFEE,PCOFFROB,1993-M03,46.33086956521739
COFFEE,PCOFFROB,1993-M04,44.615
COFFEE,PCOFFROB,1993-M05,45.89952380952381
COFFEE,PCOFFROB,1993-M06,46.69454545454545
COFFEE,PCOFFROB,1993-M07,48.95590909090909
COFFEE,PCOFFROB,1993-M08,57.77
COFFEE,PCOFFROB,1993-M09,62.88772727272727
COFFEE,PCOFFROB,1993-M10,59.01809523809524
COFFEE,PCOFFROB,1993-M11,61.62045454545455
COFFEE,PCOFFROB,1993-M12,62.41913043478261
COFFEE,PCOFFROB,1994-M01,59.91619047619048
COFFEE,PCOFFROB,1994-M02,60.6575
COFFEE,PCOFFROB,1994-M03,64.83826086956522
COFFEE,PCOFFROB,1994-M04,71.4652380952381
COFFEE,PCOFFROB,1994-M05,91.42818181818182
COFFEE,PCOFFROB,1994-M06,106.0045454545455
COFFEE,PCOFFROB,1994-M07,150.9914285714286
COFFEE,PCOFFROB,1994-M08,159.8152173913043
COFFEE,PCOFFROB,1994-M09,180.3768181818182
COFFEE,PCOFFROB,1994-M10,174.7385714285714
COFFEE,PCOFFROB,1994-M11,159.1054545454545
COFFEE,PCOFFROB,1994-M12,127.5431818181818
COFFEE,PCOFFROB,1995-M01,128.9827272727273
COFFEE,PCOFFROB,1995-M02,133.759
COFFEE,PCOFFROB,1995-M03,145.9052173913043
COFFEE,PCOFFROB,1995-M04,144.7815
COFFEE,PCOFFROB,1995-M05,142.8634782608696
COFFEE,PCOFFROB,1995-M06,130.5672727272727
COFFEE,PCOFFROB,1995-M07,116.0595238095238
COFFEE,PCOFFROB,1995-M08,129.9269565217391
COFFEE,PCOFFROB,1995-M09,117.2742857142857
COFFEE,PCOFFROB,1995-M10,112.5877272727273
COFFEE,PCOFFROB,1995-M11,110.6909090909091
COFFEE,PCOFFROB,1995-M12,93.27380952380952
COFFEE,PCOFFROB,1996-M01,88.64739130434783
COFFEE,PCOFFROB,1996-M02,97.50047619047619
COFFEE,PCOFFROB,1996-M03,90.71333333333333
COFFEE,PCOFFROB,1996-M04,90.47590909090909
COFFEE,PCOFFROB,1996-M05,91.30391304347826
COFFEE,PCOFFROB,1996-M06,86.1045
COFFEE,PCOFFROB,1996-M07,78.24739130434783
COFFEE,PCOFFROB,1996-M08,79.02772727272727
COFFEE,PCOFFROB,1996-M09,74.91380952380952
COFFEE,PCOFFROB,1996-M10,72.98695652173913
COFFEE,PCOFFROB,1996-M11,70.1247619047619
COFFEE,PCOFFROB,1996-M12,63.415
COFFEE,PCOFFROB,1997-M01,66.16478260869565
COFFEE,PCOFFROB,1997-M02,75.402
COFFEE,PCOFFROB,1997-M03,79.91238095238095
COFFEE,PCOFFROB,1997-M04,77.48681818181818
COFFEE,PCOFFROB,1997-M05,92.01227272727273
COFFEE,PCOFFROB,1997-M06,90.19285714285714
COFFEE,PCOFFROB,1997-M07,80.51
COFFEE,PCOFFROB,1997-M08,74.59761904761905
COFFEE,PCOFFROB,1997-M09,75.00318181818182
COFFEE,PCOFFROB,1997-M10,74.79739130434783
COFFEE,PCOFFROB,1997-M11,75.8055
COFFEE,PCOFFROB,1997-M12,82.18869565217391
COFFEE,PCOFFROB,1998-M01,83.105
COFFEE,PCOFFROB,1998-M02,83.522
COFFEE,PCOFFROB,1998-M03,81.88863636363636
COFFEE,PCOFFROB,1998-M04,88.78272727272727
COFFEE,PCOFFROB,1998-M05,91.42142857142857
COFFEE,PCOFFROB,1998-M06,83.60363636363636
COFFEE,PCOFFROB,1998-M07,76.92130434782609
COFFEE,PCOFFROB,1998-M08,79.06190476190476
COFFEE,PCOFFROB,1998-M09,79.86772727272727
COFFEE,PCOFFROB,1998-M10,80.42227272727273
COFFEE,PCOFFROB,1998-M11,80.12761904761905
COFFEE,PCOFFROB,1998-M12,83.97347826086957
COFFEE,PCOFFROB,1999-M01,82.71142857142857
COFFEE,PCOFFROB,1999-M02,79.5725
COFFEE,PCOFFROB,1999-M03,73.62347826086957
COFFEE,PCOFFROB,1999-M04,69.76409090909091
COFFEE,PCOFFROB,1999-M05,68.03714285714286
COFFEE,PCOFFROB,1999-M06,66.03090909090909
COFFEE,PCOFFROB,1999-M07,61.75590909090909
COFFEE,PCOFFROB,1999-M08,63.00590909090909
COFFEE,PCOFFROB,1999-M09,59.82863636363636
COFFEE,PCOFFROB,1999-M10,58.46857142857143
COFFEE,PCOFFROB,1999-M11,62.54272727272727
COFFEE,PCOFFROB,1999-M12,66.4095652173913
COFFEE,PCOFFROB,2000-M01,54.06857142857143
COFFEE,PCOFFROB,2000-M02,48.98714285714286
COFFEE,PCOFFROB,2000-M03,46.25521739130435
COFFEE,PCOFFROB,2000-M04,44.561
COFFEE,PCOFFROB,2000-M05,43.74217391304348
COFFEE,PCOFFROB,2000-M06,42.81954545454545
COFFEE,PCOFFROB,2000-M07,41.25428571428571
COFFEE,PCOFFROB,2000-M08,38.29130434782609
COFFEE,PCOFFROB,2000-M09,38.80380952380952
COFFEE,PCOFFROB,2000-M10,36.29272727272727
COFFEE,PCOFFROB,2000-M11,32.99409090909091
COFFEE,PCOFFROB,2000-M12,30.62809523809524
COFFEE,PCOFFROB,2001-M01,32.48739130434783
COFFEE,PCOFFROB,2001-M02,31.4915
COFFEE,PCOFFROB,2001-M03,30.65181818181818
COFFEE,PCOFFROB,2001-M04,28.58047619047619
COFFEE,PCOFFROB,2001-M05,29.50695652173913
COFFEE,PCOFFROB,2001-M06,29.14285714285714
COFFEE,PCOFFROB,2001-M07,27.51454545454545
COFFEE,PCOFFROB,2001-M08,25.95304347826087
COFFEE,PCOFFROB,2001-M09,24.473
COFFEE,PCOFFROB,2001-M10,23.23608695652174
COFFEE,PCOFFROB,2001-M11,23.67636363636364
COFFEE,PCOFFROB,2001-M12,24.31333333333333
COFFEE,PCOFFROB,2002-M01,22.82173913043478
COFFEE,PCOFFROB,2002-M02,24.3665
COFFEE,PCOFFROB,2002-M03,28.89952380952381
COFFEE,PCOFFROB,2002-M04,29.35772727272727
COFFEE,PCOFFROB,2002-M05,28.33695652173913
COFFEE,PCOFFROB,2002-M06,28.42
COFFEE,PCOFFROB,2002-M07,28.5995652173913
COFFEE,PCOFFROB,2002-M08,27.87863636363636
COFFEE,PCOFFROB,2002-M09,32.00904761904762
COFFEE,PCOFFROB,2002-M10,33.26391304347826
COFFEE,PCOFFROB,2002-M11,37.90619047619048
COFFEE,PCOFFROB,2002-M12,38.03727272727273
COFFEE,PCOFFROB,2003-M01,41.05391304347826
COFFEE,PCOFFROB,2003-M02,40.6665
COFFEE,PCOFFROB,2003-M03,37.1747619047619
COFFEE,PCOFFROB,2003-M04,37.42772727272727
COFFEE,PCOFFROB,2003-M05,37.74818181818182
COFFEE,PCOFFROB,2003-M06,34.05380952380952
COFFEE,PCOFFROB,2003-M07,35.34695652173913
COFFEE,PCOFFROB,2003-M08,36.25666666666667
COFFEE,PCOFFROB,2003-M09,37.30863636363636
COFFEE,PCOFFROB,2003-M10,35.88434782608696
COFFEE,PCOFFROB,2003-M11,34.1085
COFFEE,PCOFFROB,2003-M12,35.96478260869565
COFFEE,PCOFFROB,2004-M01,39.51045454545455
COFFEE,PCOFFROB,2004-M02,37.077
COFFEE,PCOFFROB,2004-M03,36.69565217391304
COFFEE,PCOFFROB,2004-M04,36.41227272727273
COFFEE,PCOFFROB,2004-M05,36.69285714285714
COFFEE,PCOFFROB,2004-M06,39.87363636363636
COFFEE,PCOFFROB,2004-M07,35.96181818181818
COFFEE,PCOFFROB,2004-M08,33.91818181818182
COFFEE,PCOFFROB,2004-M09,34.24318181818182
COFFEE,PCOFFROB,2004-M10,31.67190476190476
COFFEE,PCOFFROB,2004-M11,32.68863636363636
COFFEE,PCOFFROB,2004-M12,36.9295652173913
COFFEE,PCOFFROB,2005-M01,36.95809523809524
COFFEE,PCOFFROB,2005-M02,41.238
COFFEE,PCOFFROB,2005-M03,49.39739130434783
COFFEE,PCOFFROB,2005-M04,50.7547619047619
COFFEE,PCOFFROB,2005-M05,56.19727272727273
COFFEE,PCOFFROB,2005-M06,60.02318181818182
COFFEE,PCOFFROB,2005-M07,57.88142857142857
COFFEE,PCOFFROB,2005-M08,51.97391304347826
COFFEE,PCOFFROB,2005-M09,46.87363636363636
COFFEE,PCOFFROB,2005-M10,47.5947619047619
COFFEE,PCOFFROB,2005-M11,51.45181818181818
COFFEE,PCOFFROB,2005-M12,56.39363636363636
COFFEE,PCOFFROB,2006-M01,63.38863636363636
COFFEE,PCOFFROB,2006-M02,62.978
COFFEE,PCOFFROB,2006-M03,59.6
COFFEE,PCOFFROB,2006-M04,60.506
COFFEE,PCOFFROB,2006-M05,60.14521739130435
COFFEE,PCOFFROB,2006-M06,60.23
COFFEE,PCOFFROB,2006-M07,64.4947619047619
COFFEE,PCOFFROB,2006-M08,73.5895652173913
COFFEE,PCOFFROB,2006-M09,77.09761904761905
COFFEE,PCOFFROB,2006-M10,75.16590909090909
COFFEE,PCOFFROB,2006-M11,76.79090909090909
COFFEE,PCOFFROB,2006-M12,76.96428571428571
COFFEE,PCOFFROB,2007-M01,79.20652173913043
COFFEE,PCOFFROB,2007-M02,79.0755
COFFEE,PCOFFROB,2007-M03,76.99318181818182
COFFEE,PCOFFROB,2007-M04,79.51
COFFEE,PCOFFROB,2007-M05,83.91260869565217
COFFEE,PCOFFROB,2007-M06,92.68238095238095
COFFEE,PCOFFROB,2007-M07,92.51181818181818
COFFEE,PCOFFROB,2007-M08,87.4395652173913
COFFEE,PCOFFROB,2007-M09,92.7835
COFFEE,PCOFFROB,2007-M10,90.97478260869565
COFFEE,PCOFFROB,2007-M11,92.61318181818182
COFFEE,PCOFFROB,2007-M12,91.93904761904762
COFFEE,PCOFFROB,2008-M01,98.96565217391304
COFFEE,PCOFFROB,2008-M02,115.4480952380952
COFFEE,PCOFFROB,2008-M03,121.7738095238095
COFFEE,PCOFFROB,2008-M04,111.285
COFFEE,PCOFFROB,2008-M05,108.8340909090909
COFFEE,PCOFFROB,2008-M06,111.3371428571429
COFFEE,PCOFFROB,2008-M07,115.2308695652174
COFFEE,PCOFFROB,2008-M08,112.6757142857143
COFFEE,PCOFFROB,2008-M09,105.3777272727273
COFFEE,PCOFFROB,2008-M10,88.76826086956522
COFFEE,PCOFFROB,2008-M11,90.764
COFFEE,PCOFFROB,2008-M12,81.89782608695652
COFFEE,PCOFFROB,2009-M01,82.49863636363636
COFFEE,PCOFFROB,2009-M02,80.2195
COFFEE,PCOFFROB,2009-M03,76.30772727272727
COFFEE,PCOFFROB,2009-M04,75.70409090909091
COFFEE,PCOFFROB,2009-M05,75.57095238095238
COFFEE,PCOFFROB,2009-M06,73.77681818181818
COFFEE,PCOFFROB,2009-M07,71.67739130434783
COFFEE,PCOFFROB,2009-M08,72.35142857142857
COFFEE,PCOFFROB,2009-M09,73.82227272727273
COFFEE,PCOFFROB,2009-M10,73.50681818181818
COFFEE,PCOFFROB,2009-M11,69.48238095238095
COFFEE,PCOFFROB,2009-M12,69.6104347826087
COFFEE,PCOFFROB,2010-M01,69.93952380952381
COFFEE,PCOFFROB,2010-M02,67.8845
COFFEE,PCOFFROB,2010-M03,67.24739130434783
COFFEE,PCOFFROB,2010-M04,71.63636363636364
COFFEE,PCOFFROB,2010-M05,70.72380952380952
COFFEE,PCOFFROB,2010-M06,76.92181818181818
COFFEE,PCOFFROB,2010-M07,85.27318181818182
COFFEE,PCOFFROB,2010-M08,82.69636363636364
COFFEE,PCOFFROB,2010-M09,81.27818181818182
COFFEE,PCOFFROB,2010-M10,85.11952380952381
COFFEE,PCOFFROB,2010-M11,91.98909090909091
COFFEE,PCOFFROB,2010-M12,94.06260869565217
COFFEE,PCOFFROB,2011-M01,101.09
COFFEE,PCOFFROB,2011-M02,109.35
COFFEE,PCOFFROB,2011-M03,118.1291304347826
COFFEE,PCOFFROB,2011-M04,117.4
COFFEE,PCOFFROB,2011-M05,121.9831818181818
COFFEE,PCOFFROB,2011-M06,117.9540909090909
COFFEE,PCOFFROB,2011-M07,112.7304761904762
COFFEE,PCOFFROB,2011-M08,112.0665217391304
COFFEE,PCOFFROB,2011-M09,106.0572727272727
COFFEE,PCOFFROB,2011-M10,98.10380952380952
COFFEE,PCOFFROB,2011-M11,97.24090909090909
COFFEE,PCOFFROB,2011-M12,98.755
COFFEE,PCOFFROB,2012-M01,96.71772727272727
COFFEE,PCOFFROB,2012-M02,101.9809523809524
COFFEE,PCOFFROB,2012-M03,103.5709090909091
COFFEE,PCOFFROB,2012-M04,101.7971428571429
COFFEE,PCOFFROB,2012-M05,107.0886956521739
COFFEE,PCOFFROB,2012-M06,105.6961904761905
COFFEE,PCOFFROB,2012-M07,107.0622727272727
COFFEE,PCOFFROB,2012-M08,106.5208695652174
COFFEE,PCOFFROB,2012-M09,104.95
COFFEE,PCOFFROB,2012-M10,104.4669565217391
COFFEE,PCOFFROB,2012-M11,97.67181818181818
COFFEE,PCOFFROB,2012-M12,96.59857142857143
COFFEE,PCOFFROB,2013-M01,99.56217391304348
COFFEE,PCOFFROB,2013-M02,104.0325
COFFEE,PCOFFROB,2013-M03,106.0709523809524
COFFEE,PCOFFROB,2013-M04,101.6718181818182
COFFEE,PCOFFROB,2013-M05,99.17521739130435
COFFEE,PCOFFROB,2013-M06,90.7855
COFFEE,PCOFFROB,2013-M07,95.20695652173913
COFFEE,PCOFFROB,2013-M08,94.01090909090909
COFFEE,PCOFFROB,2013-M09,87.77666666666667
COFFEE,PCOFFROB,2013-M10,83.69608695652174
COFFEE,PCOFFROB,2013-M11,79.70619047619048
COFFEE,PCOFFROB,2013-M12,87.71818181818182
COFFEE,PCOFFROB,2014-M01,87.68869565217391
COFFEE,PCOFFROB,2014-M02,95.8995
COFFEE,PCOFFROB,2014-M03,105.3690476190476
COFFEE,PCOFFROB,2014-M04,105.5718181818182
COFFEE,PCOFFROB,2014-M05,102.985
COFFEE,PCOFFROB,2014-M06,98.91142857142857
COFFEE,PCOFFROB,2014-M07,101.7865217391304
COFFEE,PCOFFROB,2014-M08,100.2542857142857
COFFEE,PCOFFROB,2014-M09,100.5227272727273
COFFEE,PCOFFROB,2014-M10,104.6986956521739
COFFEE,PCOFFROB,2014-M11,103.0585
COFFEE,PCOFFROB,2014-M12,98.28652173913043
COFFEE,PCOFFROB,2015-M01,97.885
COFFEE,PCOFFROB,2015-M02,98.362
COFFEE,PCOFFROB,2015-M03,92.16090909090909
COFFEE,PCOFFROB,2015-M04,92.04090909090909
COFFEE,PCOFFROB,2015-M05,87.55714285714286
COFFEE,PCOFFROB,2015-M06,90.245
COFFEE,PCOFFROB,2015-M07,87.12086956521739
COFFEE,PCOFFROB,2015-M08,85.77666666666667
COFFEE,PCOFFROB,2015-M09,81.495
COFFEE,PCOFFROB,2015-M10,82.77909090909091
COFFEE,PCOFFROB,2015-M11,81.74095238095238
COFFEE,PCOFFROB,2015-M12,79.27478260869565
COFFEE,PCOFFROB,2016-M01,74.92571428571429
COFFEE,PCOFFROB,2016-M02,74.04142857142857
COFFEE,PCOFFROB,2016-M03,75.67913043478261
COFFEE,PCOFFROB,2016-M04,80.17714285714286
COFFEE,PCOFFROB,2016-M05,83.93318181818182
COFFEE,PCOFFROB,2016-M06,85.94045454545455
COFFEE,PCOFFROB,2016-M07,90.81571428571429
COFFEE,PCOFFROB,2016-M08,91.78652173913043
COFFEE,PCOFFROB,2016-M09,96.88272727272727
COFFEE,PCOFFROB,2016-M10,103.6466666666667
COFFEE,PCOFFROB,2016-M11,103.7190909090909
COFFEE,PCOFFROB,2016-M12,101.8545454545455
COFFEE,PCOFFROB,2017-M01,108.32
COFFEE,PCOFFROB,2017-M02,106.49
COFFEE,PCOFFROB,2017-M03,106.734347826087
COFFEE,PCOFFROB,2017-M04,103.7605
COFFEE,PCOFFROB,2017-M05,98.35913043478261
COFFEE,PCOFFROB,2017-M06,101.9290909090909
COFFEE,PCOFFROB,2017-M07,104.9380952380952
COFFEE,PCOFFROB,2017-M08,104.5165217391304
COFFEE,PCOFFROB,2017-M09,99.18428571428571
COFFEE,PCOFFROB,2017-M10,98.39136363636364
COFFEE,PCOFFROB,2017-M11,91.32772727272727
COFFEE,PCOFFROB,2017-M12,87.5647619047619
COFFEE,PCOFFROB,2018-M01,88.60739130434783
COFFEE,PCOFFROB,2018-M02,89.2025
COFFEE,PCOFFROB,2018-M03,88.14090909090909
COFFEE,PCOFFROB,2018-M04,88.30571428571429
COFFEE,PCOFFROB,2018-M05,88.7395652173913
COFFEE,PCOFFROB,2018-M06,86.06952380952381
COFFEE,PCOFFROB,2018-M07,84.41772727272727
COFFEE,PCOFFROB,2018-M08,80.7395652173913
COFFEE,PCOFFROB,2018-M09,76.7
COFFEE,PCOFFROB,2018-M10,85.31826086956522
COFFEE,PCOFFROB,2018-M11,83.51545454545455
COFFEE,PCOFFROB,2018-M12,77.53904761904762
COFFEE,PCOFFROB,2019-M01,78.20086956521739
COFFEE,PCOFFROB,2019-M02,78.6535
COFFEE,PCOFFROB,2019-M03,76.95761904761905
COFFEE,PCOFFROB,2019-M04,73.25772727272727
COFFEE,PCOFFROB,2019-M05,71.11826086956522
COFFEE,PCOFFROB,2019-M06,73.9925
COFFEE,PCOFFROB,2019-M07,73.92782608695652
COFFEE,PCOFFROB,2019-M08,70.81136363636364
COFFEE,PCOFFROB,2019-M09,70.64428571428571
COFFEE,PCOFFROB,2019-M10,68.63391304347826
COFFEE,PCOFFROB,2019-M11,73.27619047619048
COFFEE,PCOFFROB,2019-M12,73.31045454545455
COFFEE,PCOFFROB,2020-M01,70.58391304347826
COFFEE,PCOFFROB,2020-M02,68.0665
COFFEE,PCOFFROB,2020-M03,67.45681818181818
COFFEE,PCOFFROB,2020-M04,64.02272727272727
COFFEE,PCOFFROB,2020-M05,64.53714285714286
COFFEE,PCOFFROB,2020-M06,64.61681818181818
COFFEE,PCOFFROB,2020-M07,67.68652173913043
COFFEE,PCOFFROB,2020-M08,72.63857142857143
COFFEE,PCOFFROB,2020-M09,72.77318181818182
COFFEE,PCOFFROB,2020-M10,68.35772727272727
COFFEE,PCOFFROB,2020-M11,72.38238095238095
COFFEE,PCOFFROB,2020-M12,71.94608695652174
COFFEE,PCOFFROB,2021-M01,70.81380952380952
COFFEE,PCOFFROB,2021-M02,73.3715
COFFEE,PCOFFROB,2021-M03,73.8595652173913
COFFEE,PCOFFROB,2021-M04,74.465
COFFEE,PCOFFROB,2021-M05,79.68380952380952
COFFEE,PCOFFROB,2021-M06,84.92727272727273
COFFEE,PCOFFROB,2021-M07,94.08909090909091
COFFEE,PCOFFROB,2021-M08,94.88818181818182
COFFEE,PCOFFROB,2021-M09,104.5895454545455
COFFEE,PCOFFROB,2021-M10,105.3047619047619
COFFEE,PCOFFROB,2021-M11,109.4345454545455
COFFEE,PCOFFROB,2021-M12,112.4647826086957
COFFEE,PCOFFROB,2022-M01,109.712380952381
COFFEE,PCOFFROB,2022-M02,109.4265
COFFEE,PCOFFROB,2022-M03,103.9247826086957
COFFEE,PCOFFROB,2022-M04,103.96
COFFEE,PCOFFROB,2022-M05,103.155
COFFEE,PCOFFROB,2022-M06,103.8454545454545
COFFEE,PCOFFROB,2022-M07,100.4442857142857
COFFEE,PCOFFROB,2022-M08,109.6891304347826
COFFEE,PCOFFROB,2022-M09,111.3581818181818
COFFEE,PCOFFROB,2022-M10,103.0119047619048
COFFEE,PCOFFROB,2022-M11,92.595
COFFEE,PCOFFROB,2022-M12,92.435
COFFEE,PCOFFROB,2023-M01,95.97909090909091
COFFEE,PCOFFROB,2023-M02,103.963
COFFEE,PCOFFROB,2023-M03,106.4873913043478
COFFEE,PCOFFROB,2023-M04,115.5835
COFFEE,PCOFFROB,2023-M05,122.5521739130435
COFFEE,PCOFFROB,2023-M06,132.1254545454545
COFFEE,PCOFFROB,2023-M07,127.5833333333333
COFFEE,PCOFFROB,2023-M08,124.3565217391304
COFFEE,PCOFFROB,2023-M09,123.8914285714286
COFFEE,PCOFFROB,2023-M10,118.835
COFFEE,PCOFFROB,2023-M11,122.7759090909091
COFFEE,PCOFFROB,2023-M12,135.3919047619048
COFFEE,PCOFFROB,2024-M01,148.1252173913043
COFFEE,PCOFFROB,2024-M02,153.227619047619
COFFEE,PCOFFROB,2024-M03,165.8395238095238
COFFEE,PCOFFROB,2024-M04,193.675
COFFEE,PCOFFROB,2024-M05,186.4573913043478
COFFEE,PCOFFROB,2024-M06,204.327
COFFEE,PCOFFROB,2024-M07,214.5413043478261
COFFEE,PCOFFROB,2024-M08,214.6954545454545
COFFEE,PCOFFROB,2024-M09,242.4619047619048
COFFEE,PCOFFROB,2024-M10,221.895652173913
COFFEE,PCOFFROB,2024-M11,226.13
COFFEE,PCOFFROB,2024-M12,237.6218181818182
COFFEE,PCOFFROB,2025-M01,244.9391304347826
COFFEE,PCOFFROB,2025-M02,263.045
COFFEE,PCOFFROB,2025-M03,257.6842857142857
COFFEE,PCOFFROB,2025-M04,246.5490909090909
COFFEE,PCOFFROB,2025-M05,237.3031818181818
COFFEE,PCOFFROB,2025-M06,196.2138095238095
COFFEE,PCOFFROB,2025-M07,167.1678260869565
COFFEE,PCOFFROB,2025-M08,198.8609523809524
COFFEE,PCOFFROB,2025-M09,210.8413636363636
COFFEE,PCOFFROB,2025-M10,215.06
COFFEE,PCOFFROB,2025-M11,214.826
COFFEE,PCOFFROB,2025-M12,190.2381818181818
COFFEE,PCOFFROB,2026-M01,192.2890909090909
COFFEE,PCOFFROB,2026-M02,179.5945
COFFEE,PCOFFROB,2026-M03,176.7640909090909
COFFEE,PCOFFROB,2026-M04,164.645
COFFEE,PCOFFROB,2026-M05,166.512380952381
COFFEE,PCOFFROB,2026-M06,169.3904545454545
COFFEE,PCOFFROB,2026-M07,185.2304545454545
WHEAT,PWHEAMT,1992-M01,169.954772949219
WHEAT,PWHEAMT,1992-M02,177.130599975586
WHEAT,PWHEAMT,1992-M03,169.350738525391
WHEAT,PWHEAMT,1992-M04,159.931198120117
WHEAT,PWHEAMT,1992-M05,149.689117431641
WHEAT,PWHEAMT,1992-M06,148.665725708008
WHEAT,PWHEAMT,1992-M07,136.31901550293
WHEAT,PWHEAMT,1992-M08,128.168487548828
WHEAT,PWHEAMT,1992-M09,138.735794067383
WHEAT,PWHEAMT,1992-M10,140.581283569336
WHEAT,PWHEAMT,1992-M11,147.574188232422
WHEAT,PWHEAMT,1992-M12,147.827651977539
WHEAT,PWHEAMT,1993-M01,155.650772094727
WHEAT,PWHEAMT,1993-M02,148.884384155273
WHEAT,PWHEAMT,1993-M03,147.899658203125
WHEAT,PWHEAMT,1993-M04,141.992401123047
WHEAT,PWHEAMT,1993-M05,136.580810546875
WHEAT,PWHEAMT,1993-M06,121.81778717041
WHEAT,PWHEAMT,1993-M07,127.522399902344
WHEAT,PWHEAMT,1993-M08,129.797012329102
WHEAT,PWHEAMT,1993-M09,131.294311523438
WHEAT,PWHEAMT,1993-M10,135.956161499023
WHEAT,PWHEAMT,1993-M11,146.501602172852
WHEAT,PWHEAMT,1993-M12,158.645385742188
WHEAT,PWHEAMT,1994-M01,153.207977294922
WHEAT,PWHEAMT,1994-M02,147.037521362305
WHEAT,PWHEAMT,1994-M03,141.04377746582
WHEAT,PWHEAMT,1994-M04,140.452667236328
WHEAT,PWHEAMT,1994-M05,140.147354125977
WHEAT,PWHEAMT,1994-M06,139.304428100586
WHEAT,PWHEAMT,1994-M07,137.600448608398
WHEAT,PWHEAMT,1994-M08,146.024124145508
WHEAT,PWHEAMT,1994-M09,158.785140991211
WHEAT,PWHEAMT,1994-M10,167.188064575195
WHEAT,PWHEAMT,1994-M11,161.986770629883
WHEAT,PWHEAMT,1994-M12,164.62174987793
WHEAT,PWHEAMT,1995-M01,156.213088989258
WHEAT,PWHEAMT,1995-M02,154.420104980469
WHEAT,PWHEAMT,1995-M03,150.385986328125
WHEAT,PWHEAMT,1995-M04,148.978652954102
WHEAT,PWHEAMT,1995-M05,158.611557006836
WHEAT,PWHEAMT,1995-M06,169.98078918457
WHEAT,PWHEAMT,1995-M07,190.08528137207
WHEAT,PWHEAMT,1995-M08,184.393295288086
WHEAT,PWHEAMT,1995-M09,193.671279907227
WHEAT,PWHEAMT,1995-M10,203.791748046875
WHEAT,PWHEAMT,1995-M11,204.067321777344
WHEAT,PWHEAMT,1995-M12,208.924942016602
WHEAT,PWHEAMT,1996-M01,196.4283016666666
WHEAT,PWHEAMT,1996-M02,206.166963968254
WHEAT,PWHEAMT,1996-M03,205.2571207936508
WHEAT,PWHEAMT,1996-M04,239.5162157142857
WHEAT,PWHEAMT,1996-M05,248.5948682608696
WHEAT,PWHEAMT,1996-M06,215.2260275
WHEAT,PWHEAMT,1996-M07,196.3869105797102
WHEAT,PWHEAMT,1996-M08,181.4970116666666
WHEAT,PWHEAMT,1996-M09,170.9805288888889
WHEAT,PWHEAMT,1996-M10,169.5959849275363
WHEAT,PWHEAMT,1996-M11,169.2658244444445
WHEAT,PWHEAMT,1996-M12,167.8310717460317
WHEAT,PWHEAMT,1997-M01,167.7907526086957
WHEAT,PWHEAMT,1997-M02,164.1707026666667
WHEAT,PWHEAMT,1997-M03,167.7085928571428
WHEAT,PWHEAMT,1997-M04,175.5679200000001
WHEAT,PWHEAMT,1997-M05,168.402905
WHEAT,PWHEAMT,1997-M06,141.200661904762
WHEAT,PWHEAMT,1997-M07,130.408065652174
WHEAT,PWHEAMT,1997-M08,139.3459815873016
WHEAT,PWHEAMT,1997-M09,138.239695
WHEAT,PWHEAMT,1997-M10,136.2071747826087
WHEAT,PWHEAMT,1997-M11,135.3820398333332
WHEAT,PWHEAMT,1997-M12,129.7291065942029
WHEAT,PWHEAMT,1998-M01,127.3502083333333
WHEAT,PWHEAMT,1998-M02,128.308884
WHEAT,PWHEAMT,1998-M03,128.2353966666667
WHEAT,PWHEAMT,1998-M04,118.197695
WHEAT,PWHEAMT,1998-M05,118.3496006349206
WHEAT,PWHEAMT,1998-M06,112.3688133333334
WHEAT,PWHEAMT,1998-M07,106.6205353623188
WHEAT,PWHEAMT,1998-M08,97.00327999999995
WHEAT,PWHEAMT,1998-M09,97.57113666666673
WHEAT,PWHEAMT,1998-M10,112.1556682539683
WHEAT,PWHEAMT,1998-M11,115.6113226190475
WHEAT,PWHEAMT,1998-M12,111.8045874637681
WHEAT,PWHEAMT,1999-M01,111.8932134920635
WHEAT,PWHEAMT,1999-M02,104.278526
WHEAT,PWHEAMT,1999-M03,104.5756704347826
WHEAT,PWHEAMT,1999-M04,102.3311116666667
WHEAT,PWHEAMT,1999-M05,99.61033063492067
WHEAT,PWHEAMT,1999-M06,99.94277333333332
WHEAT,PWHEAMT,1999-M07,93.01396761904762
WHEAT,PWHEAMT,1999-M08,98.02208166666659
WHEAT,PWHEAMT,1999-M09,94.79866000000005
WHEAT,PWHEAMT,1999-M10,88.55223666666676
WHEAT,PWHEAMT,1999-M11,91.67544833333332
WHEAT,PWHEAMT,1999-M12,90.43734652173909
WHEAT,PWHEAMT,2000-M01,93.6228626666667
WHEAT,PWHEAMT,2000-M02,98.16682944444448
WHEAT,PWHEAMT,2000-M03,96.3962107246377
WHEAT,PWHEAMT,2000-M04,94.43122333333325
WHEAT,PWHEAMT,2000-M05,99.11204695652174
WHEAT,PWHEAMT,2000-M06,103.366615
WHEAT,PWHEAMT,2000-M07,97.12575888888886
WHEAT,PWHEAMT,2000-M08,96.6518188405797
WHEAT,PWHEAMT,2000-M09,103.4421701587302
WHEAT,PWHEAMT,2000-M10,107.775855
WHEAT,PWHEAMT,2000-M11,105.0367816666666
WHEAT,PWHEAMT,2000-M12,113.7400201666666
WHEAT,PWHEAMT,2001-M01,109.479425
WHEAT,PWHEAMT,2001-M02,103.3231906666666
WHEAT,PWHEAMT,2001-M03,105.571235
WHEAT,PWHEAMT,2001-M04,106.1542026984127
WHEAT,PWHEAMT,2001-M05,110.7741672463768
WHEAT,PWHEAMT,2001-M06,109.4261387301588
WHEAT,PWHEAMT,2001-M07,108.3437116666666
WHEAT,PWHEAMT,2001-M08,104.2242092753623
WHEAT,PWHEAMT,2001-M09,103.176216
WHEAT,PWHEAMT,2001-M10,104.8312785507247
WHEAT,PWHEAMT,2001-M11,106.8015911111111
WHEAT,PWHEAMT,2001-M12,104.3703851666666
WHEAT,PWHEAMT,2002-M01,106.1891966666667
WHEAT,PWHEAMT,2002-M02,103.837602
WHEAT,PWHEAMT,2002-M03,102.5515736666668
WHEAT,PWHEAMT,2002-M04,104.8029583333334
WHEAT,PWHEAMT,2002-M05,104.0964052173912
WHEAT,PWHEAMT,2002-M06,115.411857
WHEAT,PWHEAMT,2002-M07,132.6446366666666
WHEAT,PWHEAMT,2002-M08,149.6135300000001
WHEAT,PWHEAMT,2002-M09,173.3426217460316
WHEAT,PWHEAMT,2002-M10,180.0439666666666
WHEAT,PWHEAMT,2002-M11,164.2791839682539
WHEAT,PWHEAMT,2002-M12,149.1959883333333
WHEAT,PWHEAMT,2003-M01,140.4832855555555
WHEAT,PWHEAMT,2003-M02,141.6565043859649
WHEAT,PWHEAMT,2003-M03,129.2458475
WHEAT,PWHEAMT,2003-M04,126.0482736507937
WHEAT,PWHEAMT,2003-M05,131.0524111111111
WHEAT,PWHEAMT,2003-M06,118.1571338095238
WHEAT,PWHEAMT,2003-M07,115.7759533333333
WHEAT,PWHEAMT,2003-M08,133.4844919047619
WHEAT,PWHEAMT,2003-M09,130.6499804761905
WHEAT,PWHEAMT,2003-M10,130.0566044927537
WHEAT,PWHEAMT,2003-M11,141.3470840350877
WHEAT,PWHEAMT,2003-M12,145.0674953968254
WHEAT,PWHEAMT,2004-M01,147.2896123809525
WHEAT,PWHEAMT,2004-M02,141.7338594736842
WHEAT,PWHEAMT,2004-M03,142.548725
WHEAT,PWHEAMT,2004-M04,146.0648234920634
WHEAT,PWHEAMT,2004-M05,143.1842673684211
WHEAT,PWHEAMT,2004-M06,136.8614098412698
WHEAT,PWHEAMT,2004-M07,132.387431
WHEAT,PWHEAMT,2004-M08,122.05578
WHEAT,PWHEAMT,2004-M09,126.8207655
WHEAT,PWHEAMT,2004-M10,123.0562893650794
WHEAT,PWHEAMT,2004-M11,127.1330866666666
WHEAT,PWHEAMT,2004-M12,123.5545730434783
WHEAT,PWHEAMT,2005-M01,122.7789621666666
WHEAT,PWHEAMT,2005-M02,123.129960877193
WHEAT,PWHEAMT,2005-M03,129.9556683333334
WHEAT,PWHEAMT,2005-M04,120.0643050793651
WHEAT,PWHEAMT,2005-M05,119.1544619047619
WHEAT,PWHEAMT,2005-M06,122.4733216666667
WHEAT,PWHEAMT,2005-M07,130.1644391666666
WHEAT,PWHEAMT,2005-M08,131.558302173913
WHEAT,PWHEAMT,2005-M09,137.3863193650793
WHEAT,PWHEAMT,2005-M10,143.0728392063492
WHEAT,PWHEAMT,2005-M11,136.3539973015872
WHEAT,PWHEAMT,2005-M12,139.99337
WHEAT,PWHEAMT,2006-M01,144.5679565
WHEAT,PWHEAMT,2006-M02,158.8873501754386
WHEAT,PWHEAMT,2006-M03,155.7931466666667
WHEAT,PWHEAMT,2006-M04,161.2080028070176
WHEAT,PWHEAMT,2006-M05,176.6034233333333
WHEAT,PWHEAMT,2006-M06,176.920755
WHEAT,PWHEAMT,2006-M07,181.3483668333334
WHEAT,PWHEAMT,2006-M08,165.1293783333334
WHEAT,PWHEAMT,2006-M09,164.9423196666666
WHEAT,PWHEAMT,2006-M10,182.432305
WHEAT,PWHEAMT,2006-M11,182.3010776190477
WHEAT,PWHEAMT,2006-M12,179.5295553333334
WHEAT,PWHEAMT,2007-M01,172.5666305
WHEAT,PWHEAMT,2007-M02,175.26729
WHEAT,PWHEAMT,2007-M03,173.313195
WHEAT,PWHEAMT,2007-M04,178.5558481666666
WHEAT,PWHEAMT,2007-M05,178.0063633333333
WHEAT,PWHEAMT,2007-M06,206.5169036507937
WHEAT,PWHEAMT,2007-M07,222.0017346031745
WHEAT,PWHEAMT,2007-M08,240.686992173913
WHEAT,PWHEAMT,2007-M09,297.9524591228071
WHEAT,PWHEAMT,2007-M10,303.6304907246377
WHEAT,PWHEAMT,2007-M11,286.495618095238
WHEAT,PWHEAMT,2007-M12,339.2256959259258
WHEAT,PWHEAMT,2008-M01,336.1170650793652
WHEAT,PWHEAMT,2008-M02,393.8737348333333
WHEAT,PWHEAMT,2008-M03,403.8128966666666
WHEAT,PWHEAMT,2008-M04,326.8516166666667
WHEAT,PWHEAMT,2008-M05,288.4202863492064
WHEAT,PWHEAMT,2008-M06,314.1583500000001
WHEAT,PWHEAMT,2008-M07,299.42748
WHEAT,PWHEAMT,2008-M08,304.1640726666666
WHEAT,PWHEAMT,2008-M09,263.0496593650794
WHEAT,PWHEAMT,2008-M10,202.7749350000001
WHEAT,PWHEAMT,2008-M11,194.1146296078431
WHEAT,PWHEAMT,2008-M12,188.8449496825397
WHEAT,PWHEAMT,2009-M01,211.2760833333333
WHEAT,PWHEAMT,2009-M02,195.2249026315789
WHEAT,PWHEAMT,2009-M03,199.1005683333334
WHEAT,PWHEAMT,2009-M04,200.8876466666667
WHEAT,PWHEAMT,2009-M05,227.186091
WHEAT,PWHEAMT,2009-M06,227.3146938333333
WHEAT,PWHEAMT,2009-M07,195.3259916666666
WHEAT,PWHEAMT,2009-M08,179.5540511111111
WHEAT,PWHEAMT,2009-M09,156.9304506349206
WHEAT,PWHEAMT,2009-M10,163.7264383333332
WHEAT,PWHEAMT,2009-M11,177.6072814035088
WHEAT,PWHEAMT,2009-M12,171.1554987301588
WHEAT,PWHEAMT,2010-M01,167.8218628070175
WHEAT,PWHEAMT,2010-M02,160.1615603703704
WHEAT,PWHEAMT,2010-M03,156.4641179710145
WHEAT,PWHEAMT,2010-M04,156.8254687301588
WHEAT,PWHEAMT,2010-M05,158.3284596666667
WHEAT,PWHEAMT,2010-M06,149.21269
WHEAT,PWHEAMT,2010-M07,182.7385022222222
WHEAT,PWHEAMT,2010-M08,219.8774416666667
WHEAT,PWHEAMT,2010-M09,240.4321828333334
WHEAT,PWHEAMT,2010-M10,234.5995631746031
WHEAT,PWHEAMT,2010-M11,241.8401333333334
WHEAT,PWHEAMT,2010-M12,274.4568181666668
WHEAT,PWHEAMT,2011-M01,295.9886068333333
WHEAT,PWHEAMT,2011-M02,317.6006514035087
WHEAT,PWHEAMT,2011-M03,285.3758111111111
WHEAT,PWHEAMT,2011-M04,307.2544084210527
WHEAT,PWHEAMT,2011-M05,307.1945503174603
WHEAT,PWHEAMT,2011-M06,285.29787
WHEAT,PWHEAMT,2011-M07,271.4622093333333
WHEAT,PWHEAMT,2011-M08,288.6883083333334
WHEAT,PWHEAMT,2011-M09,272.340557936508
WHEAT,PWHEAMT,2011-M10,251.5891347619049
WHEAT,PWHEAMT,2011-M11,244.5378501587302
WHEAT,PWHEAMT,2011-M12,236.0596865
WHEAT,PWHEAMT,2012-M01,243.7023691666668
WHEAT,PWHEAMT,2012-M02,245.9804765
WHEAT,PWHEAMT,2012-M03,243.4935983333332
WHEAT,PWHEAMT,2012-M04,228.0863108333332
WHEAT,PWHEAMT,2012-M05,228.87964
WHEAT,PWHEAMT,2012-M06,241.9657934920636
WHEAT,PWHEAMT,2012-M07,310.7464380952381
WHEAT,PWHEAMT,2012-M08,315.5482191304348
WHEAT,PWHEAMT,2012-M09,316.6530515789474
WHEAT,PWHEAMT,2012-M10,318.4078349275362
WHEAT,PWHEAMT,2012-M11,319.4599361904761
WHEAT,PWHEAMT,2012-M12,303.0385561403509
WHEAT,PWHEAMT,2013-M01,288.2103225396826
WHEAT,PWHEAMT,2013-M02,271.6785887037037
WHEAT,PWHEAMT,2013-M03,263.341859
WHEAT,PWHEAMT,2013-M04,264.1702616666668
WHEAT,PWHEAMT,2013-M05,276.0451466666666
WHEAT,PWHEAMT,2013-M06,266.8508791666666
WHEAT,PWHEAMT,2013-M07,257.4728933333333
WHEAT,PWHEAMT,2013-M08,258.9259383333334
WHEAT,PWHEAMT,2013-M09,257.499616
WHEAT,PWHEAMT,2013-M10,278.1495566666667
WHEAT,PWHEAMT,2013-M11,259.7777233333333
WHEAT,PWHEAMT,2013-M12,246.1125787301587
WHEAT,PWHEAMT,2014-M01,229.9803593650794
WHEAT,PWHEAMT,2014-M02,242.7982815789473
WHEAT,PWHEAMT,2014-M03,275.612493968254
WHEAT,PWHEAMT,2014-M04,276.3823612698412
WHEAT,PWHEAMT,2014-M05,287.9128738095238
WHEAT,PWHEAMT,2014-M06,261.6499006349206
WHEAT,PWHEAMT,2014-M07,238.549905
WHEAT,PWHEAMT,2014-M08,229.158001111111
WHEAT,PWHEAMT,2014-M09,211.1711014285714
WHEAT,PWHEAMT,2014-M10,210.7249283333333
WHEAT,PWHEAMT,2014-M11,215.9879182352942
WHEAT,PWHEAMT,2014-M12,234.8588366666666
WHEAT,PWHEAMT,2015-M01,213.0214075
WHEAT,PWHEAMT,2015-M02,201.7420687719298
WHEAT,PWHEAMT,2015-M03,202.6914266666666
WHEAT,PWHEAMT,2015-M04,195.9312282539683
WHEAT,PWHEAMT,2015-M05,193.2165711666666
WHEAT,PWHEAMT,2015-M06,199.8354416666666
WHEAT,PWHEAMT,2015-M07,199.21748
WHEAT,PWHEAMT,2015-M08,173.5175915873016
WHEAT,PWHEAMT,2015-M09,164.0692201587302
WHEAT,PWHEAMT,2015-M10,165.4514819047619
WHEAT,PWHEAMT,2015-M11,157.8043789473684
WHEAT,PWHEAMT,2015-M12,163.893455
WHEAT,PWHEAMT,2016-M01,164.6116266666668
WHEAT,PWHEAMT,2016-M02,159.283795
WHEAT,PWHEAMT,2016-M03,164.0604716666667
WHEAT,PWHEAMT,2016-M04,163.3868377777778
WHEAT,PWHEAMT,2016-M05,157.560342063492
WHEAT,PWHEAMT,2016-M06,156.6950366666667
WHEAT,PWHEAMT,2016-M07,133.7102030000001
WHEAT,PWHEAMT,2016-M08,127.8999110144928
WHEAT,PWHEAMT,2016-M09,123.2487561904762
WHEAT,PWHEAMT,2016-M10,122.5585001666668
WHEAT,PWHEAMT,2016-M11,122.5497977192982
WHEAT,PWHEAMT,2016-M12,122.8463255555556
WHEAT,PWHEAMT,2017-M01,137.1457358333333
WHEAT,PWHEAMT,2017-M02,147.3614421052632
WHEAT,PWHEAMT,2017-M03,146.4314994202899
WHEAT,PWHEAMT,2017-M04,138.4075907017544
WHEAT,PWHEAMT,2017-M05,146.4402133333332
WHEAT,PWHEAMT,2017-M06,157.2461916666666
WHEAT,PWHEAMT,2017-M07,174.5324166666667
WHEAT,PWHEAMT,2017-M08,139.0508150724638
WHEAT,PWHEAMT,2017-M09,138.4133923333333
WHEAT,PWHEAMT,2017-M10,133.344516031746
WHEAT,PWHEAMT,2017-M11,138.0459556666667
WHEAT,PWHEAMT,2017-M12,147.1032695
WHEAT,PWHEAMT,2018-M01,156.3880441269842
WHEAT,PWHEAMT,2018-M02,172.289119122807
WHEAT,PWHEAMT,2018-M03,180.9188158730159
WHEAT,PWHEAMT,2018-M04,180.3764093650793
WHEAT,PWHEAMT,2018-M05,192.70383
WHEAT,PWHEAMT,2018-M06,193.0792198412698
WHEAT,PWHEAMT,2018-M07,196.8060774603175
WHEAT,PWHEAMT,2018-M08,211.2920588405797
WHEAT,PWHEAMT,2018-M09,191.144421754386
WHEAT,PWHEAMT,2018-M10,188.4616066666666
WHEAT,PWHEAMT,2018-M11,181.552390877193
WHEAT,PWHEAMT,2018-M12,188.5358362962962
WHEAT,PWHEAMT,2019-M01,188.8449496825397
WHEAT,PWHEAMT,2019-M02,177.916701754386
WHEAT,PWHEAMT,2019-M03,164.5066447619048
WHEAT,PWHEAMT,2019-M04,159.0300887301588
WHEAT,PWHEAMT,2019-M05,158.281695
WHEAT,PWHEAMT,2019-M06,174.6977631666666
WHEAT,PWHEAMT,2019-M07,163.8767533333334
WHEAT,PWHEAMT,2019-M08,149.363005
WHEAT,PWHEAMT,2019-M09,146.5704863333333
WHEAT,PWHEAMT,2019-M10,153.22109
WHEAT,PWHEAMT,2019-M11,157.5282642592593
WHEAT,PWHEAMT,2019-M12,165.2546408333334
WHEAT,PWHEAMT,2020-M01,178.2417773015873
WHEAT,PWHEAMT,2020-M02,172.2311028070175
WHEAT,PWHEAMT,2020-M03,170.8747516666666
WHEAT,PWHEAMT,2020-M04,179.746517936508
WHEAT,PWHEAMT,2020-M05,174.9549688333334
WHEAT,PWHEAMT,2020-M06,169.7223366666666
WHEAT,PWHEAMT,2020-M07,170.5741216666668
WHEAT,PWHEAMT,2020-M08,174.182476984127
WHEAT,PWHEAMT,2020-M09,204.1373138095238
WHEAT,PWHEAMT,2020-M10,203.4263
WHEAT,PWHEAMT,2020-M11,210.7539364912282
WHEAT,PWHEAMT,2020-M12,217.3125428571429
WHEAT,PWHEAMT,2021-M01,237.9442498245614
WHEAT,PWHEAMT,2021-M02,240.8063880701754
WHEAT,PWHEAMT,2021-M03,229.8875492753623
WHEAT,PWHEAMT,2021-M04,239.9361433333333
WHEAT,PWHEAMT,2021-M05,278.4470053968253
WHEAT,PWHEAMT,2021-M06,238.7670266666666
WHEAT,PWHEAMT,2021-M07,243.628006984127
WHEAT,PWHEAMT,2021-M08,274.87603
WHEAT,PWHEAMT,2021-M09,269.7335073015873
WHEAT,PWHEAMT,2021-M10,294.0368182539682
WHEAT,PWHEAMT,2021-M11,317.4373548133334
WHEAT,PWHEAMT,2021-M12,324.0179005555556
WHEAT,PWHEAMT,2022-M01,326.0816698333334
WHEAT,PWHEAMT,2022-M02,347.5032275000001
WHEAT,PWHEAMT,2022-M03,387.6650136971014
WHEAT,PWHEAMT,2022-M04,406.0268863016667
WHEAT,PWHEAMT,2022-M05,444.1565678174603
WHEAT,PWHEAMT,2022-M06,397.6523199
WHEAT,PWHEAMT,2022-M07,321.9751276587302
WHEAT,PWHEAMT,2022-M08,323.0167687681159
WHEAT,PWHEAMT,2022-M09,346.3221810714287
WHEAT,PWHEAMT,2022-M10,353.7129071666667
WHEAT,PWHEAMT,2022-M11,344.3298607283333
WHEAT,PWHEAMT,2022-M12,323.6548381349207
WHEAT,PWHEAMT,2023-M01,320.0970451249999
WHEAT,PWHEAMT,2023-M02,332.4120234368421
WHEAT,PWHEAMT,2023-M03,309.4295998550725
WHEAT,PWHEAMT,2023-M04,312.8108243719297
WHEAT,PWHEAMT,2023-M05,299.44000625
WHEAT,PWHEAMT,2023-M06,282.2767452825397
WHEAT,PWHEAMT,2023-M07,278.6176009920635
WHEAT,PWHEAMT,2023-M08,241.4138777536232
WHEAT,PWHEAMT,2023-M09,229.390711
WHEAT,PWHEAMT,2023-M10,216.4639391269841
WHEAT,PWHEAMT,2023-M11,216.000269047619
WHEAT,PWHEAMT,2023-M12,229.6334125877193
WHEAT,PWHEAMT,2024-M01,226.0785319047619
WHEAT,PWHEAMT,2024-M02,219.2380684633333
WHEAT,PWHEAMT,2024-M03,211.8410172083334
WHEAT,PWHEAMT,2024-M04,208.3816845
WHEAT,PWHEAMT,2024-M05,227.4307704166667
WHEAT,PWHEAMT,2024-M06,205.2260548983333
WHEAT,PWHEAMT,2024-M07,183.2256341666667
WHEAT,PWHEAMT,2024-M08,175.5104662666666
WHEAT,PWHEAMT,2024-M09,188.5052165740741
WHEAT,PWHEAMT,2024-M10,197.3719458333333
WHEAT,PWHEAMT,2024-M11,185.7347870824562
WHEAT,PWHEAMT,2024-M12,185.7943505
WHEAT,PWHEAMT,2025-M01,190.6296420634921
WHEAT,PWHEAMT,2025-M02,190.1026421105263
WHEAT,PWHEAMT,2025-M03,179.6065420634921
WHEAT,PWHEAMT,2025-M04,174.8167426587301
WHEAT,PWHEAMT,2025-M05,196.8410714285714
WHEAT,PWHEAMT,2025-M06,173.1947634816666
WHEAT,PWHEAMT,2025-M07,165.2666224637681
WHEAT,PWHEAMT,2025-M08,159.3079408380954
WHEAT,PWHEAMT,2025-M09,155.1151385317461
WHEAT,PWHEAMT,2025-M10,157.39233125
WHEAT,PWHEAMT,2025-M11,169.2032881647058
WHEAT,PWHEAMT,2025-M12,165.6266704583334
WHEAT,PWHEAMT,2026-M01,169.2505145833334
WHEAT,PWHEAMT,2026-M02,174.7524918912281
WHEAT,PWHEAMT,2026-M03,193.8771220833334
WHEAT,PWHEAMT,2026-M04,202.641496636508
WHEAT,PWHEAMT,2026-M05,220.8845521666666
WHEAT,PWHEAMT,2026-M06,199.6482875619048
WHEAT,PWHEAMT,2026-M07,228.73884495
MAIZE,PMAIZMT,1992-M01,109.586357116699
MAIZE,PMAIZMT,1992-M02,113.921257019043
MAIZE,PMAIZMT,1992-M03,116.684593200684
MAIZE,PMAIZMT,1992-M04,109.055137634277
MAIZE,PMAIZMT,1992-M05,109.177909851074
MAIZE,PMAIZMT,1992-M06,110.201927185059
MAIZE,PMAIZMT,1992-M07,102.394058227539
MAIZE,PMAIZMT,1992-M08,97.5399322509766
MAIZE,PMAIZMT,1992-M09,98.2166748046875
MAIZE,PMAIZMT,1992-M10,94.5597686767578
MAIZE,PMAIZMT,1992-M11,95.1726608276367
MAIZE,PMAIZMT,1992-M12,94.0434188842773
MAIZE,PMAIZMT,1993-M01,94.09521484375
MAIZE,PMAIZMT,1993-M02,94.2540740966797
MAIZE,PMAIZMT,1993-M03,97.5351867675781
MAIZE,PMAIZMT,1993-M04,100.487373352051
MAIZE,PMAIZMT,1993-M05,99.2226715087891
MAIZE,PMAIZMT,1993-M06,92.7262115478516
MAIZE,PMAIZMT,1993-M07,101.888687133789
MAIZE,PMAIZMT,1993-M08,100.312896728516
MAIZE,PMAIZMT,1993-M09,101.031677246094
MAIZE,PMAIZMT,1993-M10,105.767631530762
MAIZE,PMAIZMT,1993-M11,115.92845916748
MAIZE,PMAIZMT,1993-M12,121.229499816895
MAIZE,PMAIZMT,1994-M01,126.716453552246
MAIZE,PMAIZMT,1994-M02,123.64900970459
MAIZE,PMAIZMT,1994-M03,120.107292175293
MAIZE,PMAIZMT,1994-M04,113.416732788086
MAIZE,PMAIZMT,1994-M05,110.601257324219
MAIZE,PMAIZMT,1994-M06,112.083099365234
MAIZE,PMAIZMT,1994-M07,98.7315521240234
MAIZE,PMAIZMT,1994-M08,96.1568756103516
MAIZE,PMAIZMT,1994-M09,97.6050567626953
MAIZE,PMAIZMT,1994-M10,96.1100006103516
MAIZE,PMAIZMT,1994-M11,95.605712890625
MAIZE,PMAIZMT,1994-M12,102.555236816406
MAIZE,PMAIZMT,1995-M01,106.898773193359
MAIZE,PMAIZMT,1995-M02,106.977661132813
MAIZE,PMAIZMT,1995-M03,109.627067565918
MAIZE,PMAIZMT,1995-M04,109.640487670898
MAIZE,PMAIZMT,1995-M05,111.927581787109
MAIZE,PMAIZMT,1995-M06,120.007438659668
MAIZE,PMAIZMT,1995-M07,127.309562683105
MAIZE,PMAIZMT,1995-M08,126.297080993652
MAIZE,PMAIZMT,1995-M09,130.51301574707
MAIZE,PMAIZMT,1995-M10,140.816360473633
MAIZE,PMAIZMT,1995-M11,143.21223449707
MAIZE,PMAIZMT,1995-M12,148.188522338867
MAIZE,PMAIZMT,1996-M01,156.67073059082
MAIZE,PMAIZMT,1996-M02,164.71223449707
MAIZE,PMAIZMT,1996-M03,170.961151123047
MAIZE,PMAIZMT,1996-M04,189.03303527832
MAIZE,PMAIZMT,1996-M05,203.998931884766
MAIZE,PMAIZMT,1996-M06,196.639312744141
MAIZE,PMAIZMT,1996-M07,197.619995117188
MAIZE,PMAIZMT,1996-M08,186.820068359375
MAIZE,PMAIZMT,1996-M09,145.239181518555
MAIZE,PMAIZMT,1996-M10,128.608795166016
MAIZE,PMAIZMT,1996-M11,117.136840820313
MAIZE,PMAIZMT,1996-M12,116.835014343262
MAIZE,PMAIZMT,1997-M01,118.695167541504
MAIZE,PMAIZMT,1997-M02,121.746200561523
MAIZE,PMAIZMT,1997-M03,127.860580444336
MAIZE,PMAIZMT,1997-M04,124.712875366211
MAIZE,PMAIZMT,1997-M05,118.610809326172
MAIZE,PMAIZMT,1997-M06,112.58137512207
MAIZE,PMAIZMT,1997-M07,106.420722961426
MAIZE,PMAIZMT,1997-M08,111.951019287109
MAIZE,PMAIZMT,1997-M09,112.236907958984
MAIZE,PMAIZMT,1997-M10,120.244216918945
MAIZE,PMAIZMT,1997-M11,117.404762268066
MAIZE,PMAIZMT,1997-M12,113.604362487793
MAIZE,PMAIZMT,1998-M01,114.367256164551
MAIZE,PMAIZMT,1998-M02,113.61873626709
MAIZE,PMAIZMT,1998-M03,113.840438842773
MAIZE,PMAIZMT,1998-M04,106.687858581543
MAIZE,PMAIZMT,1998-M05,105.966926574707
MAIZE,PMAIZMT,1998-M06,101.751693725586
MAIZE,PMAIZMT,1998-M07,100.904479980469
MAIZE,PMAIZMT,1998-M08,88.3582077026367
MAIZE,PMAIZMT,1998-M09,85.7144470214844
MAIZE,PMAIZMT,1998-M10,95.494758605957
MAIZE,PMAIZMT,1998-M11,97.3845291137695
MAIZE,PMAIZMT,1998-M12,95.3247604370117
MAIZE,PMAIZMT,1999-M01,97.4518737792969
MAIZE,PMAIZMT,1999-M02,94.5640047227443
MAIZE,PMAIZMT,1999-M03,96.4264500776398
MAIZE,PMAIZMT,1999-M04,94.0384785289116
MAIZE,PMAIZMT,1999-M05,92.7170656696428
MAIZE,PMAIZMT,1999-M06,92.9470118303571
MAIZE,PMAIZMT,1999-M07,83.5984030357143
MAIZE,PMAIZMT,1999-M08,86.3819147321428
MAIZE,PMAIZMT,1999-M09,87.1209208758503
MAIZE,PMAIZMT,1999-M10,85.6504712053571
MAIZE,PMAIZMT,1999-M11,85.4093406300459
MAIZE,PMAIZMT,1999-M12,87.2228376839286
MAIZE,PMAIZMT,2000-M01,92.9532749553571
MAIZE,PMAIZMT,2000-M02,95.0816190401786
MAIZE,PMAIZMT,2000-M03,95.1693511057143
MAIZE,PMAIZMT,2000-M04,95.5393729517857
MAIZE,PMAIZMT,2000-M05,95.5305508928571
MAIZE,PMAIZMT,2000-M06,84.0395145034014
MAIZE,PMAIZMT,2000-M07,75.057375212585
MAIZE,PMAIZMT,2000-M08,75.2405311428571
MAIZE,PMAIZMT,2000-M09,80.150576268797
MAIZE,PMAIZMT,2000-M10,84.7072744047619
MAIZE,PMAIZMT,2000-M11,88.9371078282313
MAIZE,PMAIZMT,2000-M12,96.2242037593985
MAIZE,PMAIZMT,2001-M01,94.2972332706767
MAIZE,PMAIZMT,2001-M02,92.3775148214285
MAIZE,PMAIZMT,2001-M03,91.0121535714286
MAIZE,PMAIZMT,2001-M04,87.5450665178572
MAIZE,PMAIZMT,2001-M05,85.0775230867347
MAIZE,PMAIZMT,2001-M06,83.1606659863946
MAIZE,PMAIZMT,2001-M07,90.7546695436508
MAIZE,PMAIZMT,2001-M08,92.8790316381988
MAIZE,PMAIZMT,2001-M09,89.7439884868421
MAIZE,PMAIZMT,2001-M10,86.2677391304348
MAIZE,PMAIZMT,2001-M11,89.8825542410714
MAIZE,PMAIZMT,2001-M12,92.3115151680672
MAIZE,PMAIZMT,2002-M01,91.9669605867347
MAIZE,PMAIZMT,2002-M02,90.728193843985
MAIZE,PMAIZMT,2002-M03,89.8579491071429
MAIZE,PMAIZMT,2002-M04,87.1066477678571
MAIZE,PMAIZMT,2002-M05,90.3313050170068
MAIZE,PMAIZMT,2002-M06,93.1698001339286
MAIZE,PMAIZMT,2002-M07,99.7000026785715
MAIZE,PMAIZMT,2002-M08,109.891001785714
MAIZE,PMAIZMT,2002-M09,113.941454196429
MAIZE,PMAIZMT,2002-M10,109.64680993323
MAIZE,PMAIZMT,2002-M11,108.646429375
MAIZE,PMAIZMT,2002-M12,107.012648482143
MAIZE,PMAIZMT,2003-M01,105.8442561224489
MAIZE,PMAIZMT,2003-M02,106.1410799603174
MAIZE,PMAIZMT,2003-M03,105.1318789115645
MAIZE,PMAIZMT,2003-M04,105.3380933673469
MAIZE,PMAIZMT,2003-M05,107.906400680272
MAIZE,PMAIZMT,2003-M06,107.0253025510204
MAIZE,PMAIZMT,2003-M07,97.67066496598643
MAIZE,PMAIZMT,2003-M08,100.3495782142858
MAIZE,PMAIZMT,2003-M09,103.2384552721088
MAIZE,PMAIZMT,2003-M10,104.2059515527951
MAIZE,PMAIZMT,2003-M11,108.1004848739496
MAIZE,PMAIZMT,2003-M12,111.9922095864662
MAIZE,PMAIZMT,2004-M01,116.2455882936508
MAIZE,PMAIZMT,2004-M02,122.9324291353384
MAIZE,PMAIZMT,2004-M03,128.4601948757764
MAIZE,PMAIZMT,2004-M04,133.439499659864
MAIZE,PMAIZMT,2004-M05,129.2852157142858
MAIZE,PMAIZMT,2004-M06,123.2787510204081
MAIZE,PMAIZMT,2004-M07,104.4944887755102
MAIZE,PMAIZMT,2004-M08,104.0931375
MAIZE,PMAIZMT,2004-M09,97.72690527210881
MAIZE,PMAIZMT,2004-M10,93.41514846938771
MAIZE,PMAIZMT,2004-M11,93.75851033834595
MAIZE,PMAIZMT,2004-M12,95.60852040816333
MAIZE,PMAIZMT,2005-M01,96.03875875000005
MAIZE,PMAIZMT,2005-M02,94.35939360902258
MAIZE,PMAIZMT,2005-M03,100.0140110544218
MAIZE,PMAIZMT,2005-M04,96.47087176870752
MAIZE,PMAIZMT,2005-M05,95.364812414966
MAIZE,PMAIZMT,2005-M06,97.61527678571427
MAIZE,PMAIZMT,2005-M07,105.6642871428571
MAIZE,PMAIZMT,2005-M08,99.28663642857135
MAIZE,PMAIZMT,2005-M09,97.07076836734693
MAIZE,PMAIZMT,2005-M10,101.5512460884354
MAIZE,PMAIZMT,2005-M11,95.9797064285714
MAIZE,PMAIZMT,2005-M12,102.6760522108844
MAIZE,PMAIZMT,2006-M01,102.7904075000001
MAIZE,PMAIZMT,2006-M02,106.9365020676692
MAIZE,PMAIZMT,2006-M03,104.9520803571429
MAIZE,PMAIZMT,2006-M04,107.9103473684211
MAIZE,PMAIZMT,2006-M05,110.6246821428572
MAIZE,PMAIZMT,2006-M06,109.612356632653
MAIZE,PMAIZMT,2006-M07,114.3056101785715
MAIZE,PMAIZMT,2006-M08,115.2772892857144
MAIZE,PMAIZMT,2006-M09,120.2698946428572
MAIZE,PMAIZMT,2006-M10,142.2624107142858
MAIZE,PMAIZMT,2006-M11,164.10640125
MAIZE,PMAIZMT,2006-M12,160.7207348214285
MAIZE,PMAIZMT,2007-M01,165.1600189849624
MAIZE,PMAIZMT,2007-M02,177.3848855263158
MAIZE,PMAIZMT,2007-M03,169.5832697278912
MAIZE,PMAIZMT,2007-M04,152.6305667857144
MAIZE,PMAIZMT,2007-M05,160.1391589285714
MAIZE,PMAIZMT,2007-M06,164.5372644841271
MAIZE,PMAIZMT,2007-M07,147.2164013157895
MAIZE,PMAIZMT,2007-M08,151.0307857142857
MAIZE,PMAIZMT,2007-M09,160.1250315789473
MAIZE,PMAIZMT,2007-M10,164.1141037267081
MAIZE,PMAIZMT,2007-M11,171.113943392857
MAIZE,PMAIZMT,2007-M12,180.2832636554621
MAIZE,PMAIZMT,2008-M01,206.5588043233083
MAIZE,PMAIZMT,2008-M02,220.0475977443609
MAIZE,PMAIZMT,2008-M03,233.9259292857142
MAIZE,PMAIZMT,2008-M04,246.6418625000001
MAIZE,PMAIZMT,2008-M05,243.5317735714286
MAIZE,PMAIZMT,2008-M06,287.1320708928572
MAIZE,PMAIZMT,2008-M07,267.1414540816327
MAIZE,PMAIZMT,2008-M08,235.1594666666667
MAIZE,PMAIZMT,2008-M09,233.9456133928573
MAIZE,PMAIZMT,2008-M10,183.0247028911565
MAIZE,PMAIZMT,2008-M11,164.3044002100839
MAIZE,PMAIZMT,2008-M12,158.9097969642857
MAIZE,PMAIZMT,2009-M01,173.2951299319728
MAIZE,PMAIZMT,2009-M02,163.3999605158729
MAIZE,PMAIZMT,2009-M03,164.5770303571428
MAIZE,PMAIZMT,2009-M04,168.795905442177
MAIZE,PMAIZMT,2009-M05,180.0702121428572
MAIZE,PMAIZMT,2009-M06,179.3937946428571
MAIZE,PMAIZMT,2009-M07,151.8002553571427
MAIZE,PMAIZMT,2009-M08,152.0362942176871
MAIZE,PMAIZMT,2009-M09,150.5927930272108
MAIZE,PMAIZMT,2009-M10,167.2791214285714
MAIZE,PMAIZMT,2009-M11,171.6868545112783
MAIZE,PMAIZMT,2009-M12,164.6128196428572
MAIZE,PMAIZMT,2010-M01,167.3356308270676
MAIZE,PMAIZMT,2010-M02,161.9069612781955
MAIZE,PMAIZMT,2010-M03,158.9277694099379
MAIZE,PMAIZMT,2010-M04,157.2666426870748
MAIZE,PMAIZMT,2010-M05,163.2403005357142
MAIZE,PMAIZMT,2010-M06,152.8739339285714
MAIZE,PMAIZMT,2010-M07,163.9217455782313
MAIZE,PMAIZMT,2010-M08,175.6001303571429
MAIZE,PMAIZMT,2010-M09,205.8395204081632
MAIZE,PMAIZMT,2010-M10,235.7031229591837
MAIZE,PMAIZMT,2010-M11,238.23674875
MAIZE,PMAIZMT,2010-M12,250.6255508503401
MAIZE,PMAIZMT,2011-M01,265.2855239795918
MAIZE,PMAIZMT,2011-M02,293.3967969924812
MAIZE,PMAIZMT,2011-M03,290.4347217391303
MAIZE,PMAIZMT,2011-M04,318.9387760204081
MAIZE,PMAIZMT,2011-M05,308.5752214285714
MAIZE,PMAIZMT,2011-M06,310.5364742857143
MAIZE,PMAIZMT,2011-M07,300.8322094642856
MAIZE,PMAIZMT,2011-M08,310.3071116459627
MAIZE,PMAIZMT,2011-M09,296.2994964285715
MAIZE,PMAIZMT,2011-M10,274.8463760204082
MAIZE,PMAIZMT,2011-M11,274.2783489285714
MAIZE,PMAIZMT,2011-M12,258.5179404761905
MAIZE,PMAIZMT,2012-M01,272.9201455357144
MAIZE,PMAIZMT,2012-M02,279.5143214285714
MAIZE,PMAIZMT,2012-M03,280.7150519642858
MAIZE,PMAIZMT,2012-M04,274.2192966071428
MAIZE,PMAIZMT,2012-M05,268.8849035714286
MAIZE,PMAIZMT,2012-M06,267.3289217687075
MAIZE,PMAIZMT,2012-M07,332.9988525510204
MAIZE,PMAIZMT,2012-M08,332.2334953416149
MAIZE,PMAIZMT,2012-M09,320.7059056390978
MAIZE,PMAIZMT,2012-M10,321.3824173214286
MAIZE,PMAIZMT,2012-M11,321.5968704887218
MAIZE,PMAIZMT,2012-M12,308.7504005639098
MAIZE,PMAIZMT,2013-M01,303.3602112244898
MAIZE,PMAIZMT,2013-M02,302.6103404761907
MAIZE,PMAIZMT,2013-M03,309.579205075188
MAIZE,PMAIZMT,2013-M04,279.7648464285715
MAIZE,PMAIZMT,2013-M05,295.368975
MAIZE,PMAIZMT,2013-M06,297.1119132142858
MAIZE,PMAIZMT,2013-M07,279.0132714285715
MAIZE,PMAIZMT,2013-M08,234.9387660714285
MAIZE,PMAIZMT,2013-M09,207.490173392857
MAIZE,PMAIZMT,2013-M10,201.7799928571429
MAIZE,PMAIZMT,2013-M11,199.1824441729323
MAIZE,PMAIZMT,2013-M12,197.5534486394558
MAIZE,PMAIZMT,2014-M01,198.7719886054421
MAIZE,PMAIZMT,2014-M02,209.3560195488722
MAIZE,PMAIZMT,2014-M03,222.3929171768708
MAIZE,PMAIZMT,2014-M04,222.4304107142858
MAIZE,PMAIZMT,2014-M05,216.9751010204081
MAIZE,PMAIZMT,2014-M06,202.6338229591838
MAIZE,PMAIZMT,2014-M07,182.29451625
MAIZE,PMAIZMT,2014-M08,176.4820806122449
MAIZE,PMAIZMT,2014-M09,163.134381292517
MAIZE,PMAIZMT,2014-M10,163.3780892857143
MAIZE,PMAIZMT,2014-M11,178.7085350840336
MAIZE,PMAIZMT,2014-M12,178.7129460884353
MAIZE,PMAIZMT,2015-M01,174.7948714285715
MAIZE,PMAIZMT,2015-M02,173.7588657894737
MAIZE,PMAIZMT,2015-M03,174.2938214285714
MAIZE,PMAIZMT,2015-M04,172.1515770408164
MAIZE,PMAIZMT,2015-M05,166.3503894642858
MAIZE,PMAIZMT,2015-M06,166.8138607142856
MAIZE,PMAIZMT,2015-M07,179.6085303571429
MAIZE,PMAIZMT,2015-M08,162.7406991496599
MAIZE,PMAIZMT,2015-M09,166.0776239795919
MAIZE,PMAIZMT,2015-M10,171.4485732142857
MAIZE,PMAIZMT,2015-M11,166.0924240601504
MAIZE,PMAIZMT,2015-M12,164.0044017857142
MAIZE,PMAIZMT,2016-M01,161.0988768796993
MAIZE,PMAIZMT,2016-M02,159.7168453571428
MAIZE,PMAIZMT,2016-M03,159.2265321428571
MAIZE,PMAIZMT,2016-M04,164.4654018707482
MAIZE,PMAIZMT,2016-M05,169.0021198979592
MAIZE,PMAIZMT,2016-M06,179.9127392857144
MAIZE,PMAIZMT,2016-M07,161.8230448214286
MAIZE,PMAIZMT,2016-M08,150.2154124223603
MAIZE,PMAIZMT,2016-M09,148.5119017006803
MAIZE,PMAIZMT,2016-M10,152.6174440476191
MAIZE,PMAIZMT,2016-M11,151.3314157142857
MAIZE,PMAIZMT,2016-M12,152.729924659864
MAIZE,PMAIZMT,2017-M01,160.0121069642857
MAIZE,PMAIZMT,2017-M02,162.9625359126985
MAIZE,PMAIZMT,2017-M03,158.9791192546584
MAIZE,PMAIZMT,2017-M04,156.5404520676692
MAIZE,PMAIZMT,2017-M05,158.6002196428571
MAIZE,PMAIZMT,2017-M06,157.9739071428571
MAIZE,PMAIZMT,2017-M07,157.6106458928572
MAIZE,PMAIZMT,2017-M08,148.5434303571428
MAIZE,PMAIZMT,2017-M09,147.3158578571429
MAIZE,PMAIZMT,2017-M10,148.7223767857143
MAIZE,PMAIZMT,2017-M11,148.792165892857
MAIZE,PMAIZMT,2017-M12,149.0874275
MAIZE,PMAIZMT,2018-M01,155.916875340136
MAIZE,PMAIZMT,2018-M02,163.4609697368421
MAIZE,PMAIZMT,2018-M03,172.0765899659864
MAIZE,PMAIZMT,2018-M04,175.6009824829932
MAIZE,PMAIZMT,2018-M05,179.1790589285714
MAIZE,PMAIZMT,2018-M06,165.1402855442176
MAIZE,PMAIZMT,2018-M07,156.5542654761905
MAIZE,PMAIZMT,2018-M08,162.5222585403728
MAIZE,PMAIZMT,2018-M09,154.9450033834586
MAIZE,PMAIZMT,2018-M10,160.3655650621117
MAIZE,PMAIZMT,2018-M11,160.8782076785714
MAIZE,PMAIZMT,2018-M12,167.4898805555556
MAIZE,PMAIZMT,2019-M01,166.8462414965987
MAIZE,PMAIZMT,2019-M02,169.6562834586467
MAIZE,PMAIZMT,2019-M03,166.3213319727891
MAIZE,PMAIZMT,2019-M04,161.6533865646259
MAIZE,PMAIZMT,2019-M05,171.1801535714285
MAIZE,PMAIZMT,2019-M06,195.1679223214286
MAIZE,PMAIZMT,2019-M07,189.4863732142856
MAIZE,PMAIZMT,2019-M08,163.6286142857145
MAIZE,PMAIZMT,2019-M09,157.3744366071428
MAIZE,PMAIZMT,2019-M10,167.2977940993788
MAIZE,PMAIZMT,2019-M11,166.3617855263158
MAIZE,PMAIZMT,2019-M12,167.0590173214286
MAIZE,PMAIZMT,2020-M01,171.8141352040817
MAIZE,PMAIZMT,2020-M02,168.7445984962405
MAIZE,PMAIZMT,2020-M03,162.1791482142857
MAIZE,PMAIZMT,2020-M04,147.0121602040815
MAIZE,PMAIZMT,2020-M05,143.9892437500002
MAIZE,PMAIZMT,2020-M06,148.0423803571428
MAIZE,PMAIZMT,2020-M07,152.5876196428571
MAIZE,PMAIZMT,2020-M08,149.3929998299319
MAIZE,PMAIZMT,2020-M09,166.6025335034014
MAIZE,PMAIZMT,2020-M10,186.7663875
MAIZE,PMAIZMT,2020-M11,190.6250375939849
MAIZE,PMAIZMT,2020-M12,199.1844175170068
MAIZE,PMAIZMT,2021-M01,231.7544614661655
MAIZE,PMAIZMT,2021-M02,245.5540565789474
MAIZE,PMAIZMT,2021-M03,245.7603568322983
MAIZE,PMAIZMT,2021-M04,268.6224488095237
MAIZE,PMAIZMT,2021-M05,304.297549659864
MAIZE,PMAIZMT,2021-M06,292.5237267857143
MAIZE,PMAIZMT,2021-M07,278.445755612245
MAIZE,PMAIZMT,2021-M08,257.020755357143
MAIZE,PMAIZMT,2021-M09,235.8156035714281
MAIZE,PMAIZMT,2021-M10,239.60245085034
MAIZE,PMAIZMT,2021-M11,248.7677460714286
MAIZE,PMAIZMT,2021-M12,264.5731467687075
MAIZE,PMAIZMT,2022-M01,276.7191782142856
MAIZE,PMAIZMT,2022-M02,292.6715930451127
MAIZE,PMAIZMT,2022-M03,335.9306841614907
MAIZE,PMAIZMT,2022-M04,348.5071169642857
MAIZE,PMAIZMT,2022-M05,344.9092996031747
MAIZE,PMAIZMT,2022-M06,335.7171340136054
MAIZE,PMAIZMT,2022-M07,312.6820419642856
MAIZE,PMAIZMT,2022-M08,293.9307903338509
MAIZE,PMAIZMT,2022-M09,312.5461278911564
MAIZE,PMAIZMT,2022-M10,343.5532833333333
MAIZE,PMAIZMT,2022-M11,320.929682857143
MAIZE,PMAIZMT,2022-M12,302.2354051020408
MAIZE,PMAIZMT,2023-M01,302.8399883928572
MAIZE,PMAIZMT,2023-M02,298.2453033834586
MAIZE,PMAIZMT,2023-M03,284.9574049689442
MAIZE,PMAIZMT,2023-M04,291.1797449248119
MAIZE,PMAIZMT,2023-M05,268.1725263605443
MAIZE,PMAIZMT,2023-M06,266.9352396258504
MAIZE,PMAIZMT,2023-M07,235.2719472789116
MAIZE,PMAIZMT,2023-M08,207.6758886645963
MAIZE,PMAIZMT,2023-M09,223.8476664285715
MAIZE,PMAIZMT,2023-M10,221.90251875
MAIZE,PMAIZMT,2023-M11,209.0402968303571
MAIZE,PMAIZMT,2023-M12,207.3979688909774
MAIZE,PMAIZMT,2024-M01,198.7579285289115
MAIZE,PMAIZMT,2024-M02,188.9477444642856
MAIZE,PMAIZMT,2024-M03,190.2272114285714
MAIZE,PMAIZMT,2024-M04,190.9000500000001
MAIZE,PMAIZMT,2024-M05,201.0194705357142
MAIZE,PMAIZMT,2024-M06,191.2409429464286
MAIZE,PMAIZMT,2024-M07,177.7677084464286
MAIZE,PMAIZMT,2024-M08,169.2967424107143
MAIZE,PMAIZMT,2024-M09,183.6558276597744
MAIZE,PMAIZMT,2024-M10,189.5879058618013
MAIZE,PMAIZMT,2024-M11,201.3082701884922
MAIZE,PMAIZMT,2024-M12,202.8299610267858
MAIZE,PMAIZMT,2025-M01,214.3599267857142
MAIZE,PMAIZMT,2025-M02,221.2545443139097
MAIZE,PMAIZMT,2025-M03,207.7516908163266
MAIZE,PMAIZMT,2025-M04,215.5690933673469
MAIZE,PMAIZMT,2025-M05,204.8084481292517
MAIZE,PMAIZMT,2025-M06,195.7190773214286
MAIZE,PMAIZMT,2025-M07,192.4525892142857
MAIZE,PMAIZMT,2025-M08,183.0247028911564
MAIZE,PMAIZMT,2025-M09,196.1459412448979
MAIZE,PMAIZMT,2025-M10,198.0176441964286
MAIZE,PMAIZMT,2025-M11,201.6578882352942
MAIZE,PMAIZMT,2025-M12,205.3150795535714
MAIZE,PMAIZMT,2026-M01,203.8978238392856
MAIZE,PMAIZMT,2026-M02,210.6354865131578
MAIZE,PMAIZMT,2026-M03,213.3041428571428
MAIZE,PMAIZMT,2026-M04,214.5239610119047
MAIZE,PMAIZMT,2026-M05,215.6206469812925
MAIZE,PMAIZMT,2026-M06,195.7818789965986
MAIZE,PMAIZMT,2026-M07,213.1901539821428
RICE,PRICENPQ,2010-M05,472.4761904761905
RICE,PRICENPQ,2010-M06,458.5454545454546
RICE,PRICENPQ,2010-M07,470.6818181818182
RICE,PRICENPQ,2010-M08,486.8636363636364
RICE,PRICENPQ,2010-M09,519.9545454545455
RICE,PRICENPQ,2010-M10,532.3809523809524
RICE,PRICENPQ,2010-M11,543.1363636363636
RICE,PRICENPQ,2010-M12,536.7826086956521
RICE,PRICENPQ,2011-M01,528.3809523809524
RICE,PRICENPQ,2011-M02,532.8
RICE,PRICENPQ,2011-M03,508.9565217391304
RICE,PRICENPQ,2011-M04,500.5714285714286
RICE,PRICENPQ,2011-M05,500.5454545454546
RICE,PRICENPQ,2011-M06,518.0909090909091
RICE,PRICENPQ,2011-M07,546.1904761904761
RICE,PRICENPQ,2011-M08,577.304347826087
RICE,PRICENPQ,2011-M09,615.5454545454545
RICE,PRICENPQ,2011-M10,602.1428571428571
RICE,PRICENPQ,2011-M11,609.0909090909091
RICE,PRICENPQ,2011-M12,580.9090909090909
RICE,PRICENPQ,2012-M01,541.0588235294117
RICE,PRICENPQ,2012-M02,547.4761904761905
RICE,PRICENPQ,2012-M03,577.0454545454545
RICE,PRICENPQ,2012-M04,585.952380952381
RICE,PRICENPQ,2012-M05,612.4347826086956
RICE,PRICENPQ,2012-M06,606.1428571428571
RICE,PRICENPQ,2012-M07,578.3636363636364
RICE,PRICENPQ,2012-M08,582.8695652173913
RICE,PRICENPQ,2012-M09,590.5
RICE,PRICENPQ,2012-M10,584.7391304347826
RICE,PRICENPQ,2012-M11,590.7272727272727
RICE,PRICENPQ,2012-M12,565.5238095238095
RICE,PRICENPQ,2013-M01,573.3913043478261
RICE,PRICENPQ,2013-M02,574.0666666666667
RICE,PRICENPQ,2013-M03,564.5238095238095
RICE,PRICENPQ,2013-M04,553.7272727272727
RICE,PRICENPQ,2013-M05,552.0869565217391
RICE,PRICENPQ,2013-M06,546.25
RICE,PRICENPQ,2013-M07,538.2608695652174
RICE,PRICENPQ,2013-M08,509.7727272727273
RICE,PRICENPQ,2013-M09,470
RICE,PRICENPQ,2013-M10,453.2608695652174
RICE,PRICENPQ,2013-M11,448.8095238095238
RICE,PRICENPQ,2013-M12,447.5454545454546
RICE,PRICENPQ,2014-M01,441.0434782608696
RICE,PRICENPQ,2014-M02,447
RICE,PRICENPQ,2014-M03,434.1428571428572
RICE,PRICENPQ,2014-M04,409.9411764705882
RICE,PRICENPQ,2014-M05,403.5909090909091
RICE,PRICENPQ,2014-M06,414.6666666666667
RICE,PRICENPQ,2014-M07,428
RICE,PRICENPQ,2014-M08,440.3809523809524
RICE,PRICENPQ,2014-M09,436.5
RICE,PRICENPQ,2014-M10,432.6956521739131
RICE,PRICENPQ,2014-M11,419
RICE,PRICENPQ,2014-M12,410.7391304347826
RICE,PRICENPQ,2015-M01,409.6818181818182
RICE,PRICENPQ,2015-M02,409.5
RICE,PRICENPQ,2015-M03,400.7272727272727
RICE,PRICENPQ,2015-M04,392.4090909090909
RICE,PRICENPQ,2015-M05,382.4285714285714
RICE,PRICENPQ,2015-M06,370.5454545454546
RICE,PRICENPQ,2015-M07,387.7391304347826
RICE,PRICENPQ,2015-M08,375.5714285714286
RICE,PRICENPQ,2015-M09,358.7727272727273
RICE,PRICENPQ,2015-M10,360.4545454545454
RICE,PRICENPQ,2015-M11,358.3809523809524
RICE,PRICENPQ,2015-M12,354.3478260869565
RICE,PRICENPQ,2016-M01,359.4761904761905
RICE,PRICENPQ,2016-M02,373.1904761904762
RICE,PRICENPQ,2016-M03,370.4782608695652
RICE,PRICENPQ,2016-M04,376.047619047619
RICE,PRICENPQ,2016-M05,408.8181818181818
RICE,PRICENPQ,2016-M06,420.6818181818182
RICE,PRICENPQ,2016-M07,456.2380952380952
RICE,PRICENPQ,2016-M08,414.2173913043478
RICE,PRICENPQ,2016-M09,384
RICE,PRICENPQ,2016-M10,367.6666666666667
RICE,PRICENPQ,2016-M11,360.8181818181818
RICE,PRICENPQ,2016-M12,367.5454545454546
RICE,PRICENPQ,2017-M01,372.5454545454546
RICE,PRICENPQ,2017-M02,368.5
RICE,PRICENPQ,2017-M03,367.7826086956522
RICE,PRICENPQ,2017-M04,374.5
RICE,PRICENPQ,2017-M05,402.9130434782609
RICE,PRICENPQ,2017-M06,444.6818181818182
RICE,PRICENPQ,2017-M07,419.952380952381
RICE,PRICENPQ,2017-M08,405.6521739130435
RICE,PRICENPQ,2017-M09,413.1428571428572
RICE,PRICENPQ,2017-M10,407.2272727272727
RICE,PRICENPQ,2017-M11,404.0454545454546
RICE,PRICENPQ,2017-M12,407.952380952381
RICE,PRICENPQ,2018-M01,422.3043478260869
RICE,PRICENPQ,2018-M02,417.85
RICE,PRICENPQ,2018-M03,409.7727272727273
RICE,PRICENPQ,2018-M04,432.3809523809524
RICE,PRICENPQ,2018-M05,433.2173913043478
RICE,PRICENPQ,2018-M06,413.1428571428572
RICE,PRICENPQ,2018-M07,378.6818181818182
RICE,PRICENPQ,2018-M08,383.4347826086956
RICE,PRICENPQ,2018-M09,383
RICE,PRICENPQ,2018-M10,392.0434782608696
RICE,PRICENPQ,2018-M11,390.8181818181818
RICE,PRICENPQ,2018-M12,380.3333333333333
RICE,PRICENPQ,2019-M01,383.7391304347826
RICE,PRICENPQ,2019-M02,390.55
RICE,PRICENPQ,2019-M03,383.1428571428572
RICE,PRICENPQ,2019-M04,397.4090909090909
RICE,PRICENPQ,2019-M05,390.3043478260869
RICE,PRICENPQ,2019-M06,396.25
RICE,PRICENPQ,2019-M07,395.9565217391304
RICE,PRICENPQ,2019-M08,414.6818181818182
RICE,PRICENPQ,2019-M09,415.4285714285714
RICE,PRICENPQ,2019-M10,399.1304347826087
RICE,PRICENPQ,2019-M11,394.5714285714286
RICE,PRICENPQ,2019-M12,397
RICE,PRICENPQ,2020-M01,428.5217391304348
RICE,PRICENPQ,2020-M02,430.25
RICE,PRICENPQ,2020-M03,471.6818181818182
RICE,PRICENPQ,2020-M04,542.8181818181819
RICE,PRICENPQ,2020-M05,498.8571428571428
RICE,PRICENPQ,2020-M06,503.0454545454546
RICE,PRICENPQ,2020-M07,464.4782608695652
RICE,PRICENPQ,2020-M08,484.4285714285714
RICE,PRICENPQ,2020-M09,491.9090909090909
RICE,PRICENPQ,2020-M10,458.8636363636364
RICE,PRICENPQ,2020-M11,459.8571428571428
RICE,PRICENPQ,2020-M12,499.3478260869565
RICE,PRICENPQ,2021-M01,518.4761904761905
RICE,PRICENPQ,2021-M02,535.75
RICE,PRICENPQ,2021-M03,502.3478260869565
RICE,PRICENPQ,2021-M04,470.2727272727273
RICE,PRICENPQ,2021-M05,477.1904761904762
RICE,PRICENPQ,2021-M06,454.8636363636364
RICE,PRICENPQ,2021-M07,414.8636363636364
RICE,PRICENPQ,2021-M08,386.7727272727273
RICE,PRICENPQ,2021-M09,387
RICE,PRICENPQ,2021-M10,388.9047619047619
RICE,PRICENPQ,2021-M11,383.5454545454546
RICE,PRICENPQ,2021-M12,383.5652173913044
RICE,PRICENPQ,2022-M01,397
RICE,PRICENPQ,2022-M02,410
RICE,PRICENPQ,2022-M03,419.4347826086956
RICE,PRICENPQ,2022-M04,415.7619047619048
RICE,PRICENPQ,2022-M05,425.2727272727273
RICE,PRICENPQ,2022-M06,434.1818181818182
RICE,PRICENPQ,2022-M07,412.4761904761905
RICE,PRICENPQ,2022-M08,411.0869565217391
RICE,PRICENPQ,2022-M09,426.8181818181818
RICE,PRICENPQ,2022-M10,416.0952380952381
RICE,PRICENPQ,2022-M11,416.3181818181818
RICE,PRICENPQ,2022-M12,444.2272727272727
RICE,PRICENPQ,2023-M01,480.6363636363636
RICE,PRICENPQ,2023-M02,484.95
RICE,PRICENPQ,2023-M03,453.5652173913044
RICE,PRICENPQ,2023-M04,479.5
RICE,PRICENPQ,2023-M05,491.7391304347826
RICE,PRICENPQ,2023-M06,492.2727272727273
RICE,PRICENPQ,2023-M07,512.2380952380952
RICE,PRICENPQ,2023-M08,607.9565217391304
RICE,PRICENPQ,2023-M09,606.9047619047619
RICE,PRICENPQ,2023-M10,574.4545454545455
RICE,PRICENPQ,2023-M11,555.4090909090909
RICE,PRICENPQ,2023-M12,603.2380952380952
RICE,PRICENPQ,2024-M01,629.0869565217391
RICE,PRICENPQ,2024-M02,609.5238095238095
RICE,PRICENPQ,2024-M03,601.7142857142857
RICE,PRICENPQ,2024-M04,570.1363636363636
RICE,PRICENPQ,2024-M05,600.5217391304348
RICE,PRICENPQ,2024-M06,605.5
RICE,PRICENPQ,2024-M07,567.0434782608696
RICE,PRICENPQ,2024-M08,563.7727272727273
RICE,PRICENPQ,2024-M09,555.0952380952381
RICE,PRICENPQ,2024-M10,496.6086956521739
RICE,PRICENPQ,2024-M11,487.4285714285714
RICE,PRICENPQ,2024-M12,495.6818181818182
RICE,PRICENPQ,2025-M01,459.7826086956522
RICE,PRICENPQ,2025-M02,423.5
RICE,PRICENPQ,2025-M03,417
RICE,PRICENPQ,2025-M04,403.9090909090909
RICE,PRICENPQ,2025-M05,396.4545454545454
RICE,PRICENPQ,2025-M06,385.7142857142857
RICE,PRICENPQ,2025-M07,367.5652173913044
RICE,PRICENPQ,2025-M08,351.2380952380952
RICE,PRICENPQ,2025-M09,349.1363636363636
RICE,PRICENPQ,2025-M10,330.6086956521739
RICE,PRICENPQ,2025-M11,336
RICE,PRICENPQ,2025-M12,388.6956521739131
RICE,PRICENPQ,2026-M01,384.5454545454546
RICE,PRICENPQ,2026-M02,388.5
RICE,PRICENPQ,2026-M03,383.2727272727273
RICE,PRICENPQ,2026-M04,385.9545454545454
RICE,PRICENPQ,2026-M05,405.5714285714286
RICE,PRICENPQ,2026-M06,444
RICE,PRICENPQ,2026-M07,464
SOYBEAN,PSOYB,1992-M01,208.61022606875
SOYBEAN,PSOYB,1992-M02,211.1595748625
SOYBEAN,PSOYB,1992-M03,216.14343691875
SOYBEAN,PSOYB,1992-M04,211.2973775
SOYBEAN,PSOYB,1992-M05,220.36938446875
SOYBEAN,PSOYB,1992-M06,224.3886280625
SOYBEAN,PSOYB,1992-M07,208.10494973125
SOYBEAN,PSOYB,1992-M08,202.86844950625
SOYBEAN,PSOYB,1992-M09,202.8914166125
SOYBEAN,PSOYB,1992-M10,197.67788349375
SOYBEAN,PSOYB,1992-M11,205.21109434375
SOYBEAN,PSOYB,1992-M12,208.90879845
SOYBEAN,PSOYB,1993-M01,212.33089728125
SOYBEAN,PSOYB,1993-M02,210.03418665625
SOYBEAN,PSOYB,1993-M03,214.12233156875
SOYBEAN,PSOYB,1993-M04,217.6822330375
SOYBEAN,PSOYB,1993-M05,221.494772675
SOYBEAN,PSOYB,1993-M06,221.9081805875
SOYBEAN,PSOYB,1993-M07,258.8392874375
SOYBEAN,PSOYB,1993-M08,246.64375401875
SOYBEAN,PSOYB,1993-M09,236.0559180375
SOYBEAN,PSOYB,1993-M10,226.088193925
SOYBEAN,PSOYB,1993-M11,243.93363548125
SOYBEAN,PSOYB,1993-M12,252.52333321875
SOYBEAN,PSOYB,1994-M01,255.60092545625
SOYBEAN,PSOYB,1994-M02,249.67541204375
SOYBEAN,PSOYB,1994-M03,250.54816208125
SOYBEAN,PSOYB,1994-M04,242.7623130625
SOYBEAN,PSOYB,1994-M05,250.22662259375
SOYBEAN,PSOYB,1994-M06,249.606510725
SOYBEAN,PSOYB,1994-M07,223.24027275
SOYBEAN,PSOYB,1994-M08,214.0993644625
SOYBEAN,PSOYB,1994-M09,207.87527866875
SOYBEAN,PSOYB,1994-M10,198.711403275
SOYBEAN,PSOYB,1994-M11,205.39483119375
SOYBEAN,PSOYB,1994-M12,206.3824167625
SOYBEAN,PSOYB,1995-M01,202.50097580625
SOYBEAN,PSOYB,1995-M02,203.64933111875
SOYBEAN,PSOYB,1995-M03,209.34517346875
SOYBEAN,PSOYB,1995-M04,211.27441039375
SOYBEAN,PSOYB,1995-M05,211.64188409375
SOYBEAN,PSOYB,1995-M06,216.64871325625
SOYBEAN,PSOYB,1995-M07,226.91500975
SOYBEAN,PSOYB,1995-M08,218.922456775
SOYBEAN,PSOYB,1995-M09,232.58788499375
SOYBEAN,PSOYB,1995-M10,240.99384588125
SOYBEAN,PSOYB,1995-M11,249.7443133625
SOYBEAN,PSOYB,1995-M12,263.96095213125
SOYBEAN,PSOYB,1996-M01,270.11613660625
SOYBEAN,PSOYB,1996-M02,268.255801
SOYBEAN,PSOYB,1996-M03,265.775353525
SOYBEAN,PSOYB,1996-M04,290.41905853125
SOYBEAN,PSOYB,1996-M05,295.51775611875
SOYBEAN,PSOYB,1996-M06,284.60838065
SOYBEAN,PSOYB,1996-M07,288.76542688125
SOYBEAN,PSOYB,1996-M08,296.29863773125
SOYBEAN,PSOYB,1996-M09,297.49292725625
SOYBEAN,PSOYB,1996-M10,259.8039059
SOYBEAN,PSOYB,1996-M11,255.27938596875
SOYBEAN,PSOYB,1996-M12,257.16268868125
SOYBEAN,PSOYB,1997-M01,268.09503125625
SOYBEAN,PSOYB,1997-M02,280.54320284375
SOYBEAN,PSOYB,1997-M03,305.8759210375
SOYBEAN,PSOYB,1997-M04,313.363197675
SOYBEAN,PSOYB,1997-M05,319.8399216375
SOYBEAN,PSOYB,1997-M06,304.7734999375
SOYBEAN,PSOYB,1997-M07,281.1633147125
SOYBEAN,PSOYB,1997-M08,267.58975491875
SOYBEAN,PSOYB,1997-M09,255.21048465
SOYBEAN,PSOYB,1997-M10,250.7548660375
SOYBEAN,PSOYB,1997-M11,265.43084693125
SOYBEAN,PSOYB,1997-M12,254.59037278125
SOYBEAN,PSOYB,1998-M01,246.00067504375
SOYBEAN,PSOYB,1998-M02,247.42463563125
SOYBEAN,PSOYB,1998-M03,240.12109584375
SOYBEAN,PSOYB,1998-M04,235.091299575
SOYBEAN,PSOYB,1998-M05,236.1477864625
SOYBEAN,PSOYB,1998-M06,231.11799019375
SOYBEAN,PSOYB,1998-M07,232.42711525
SOYBEAN,PSOYB,1998-M08,202.2483376375
SOYBEAN,PSOYB,1998-M09,193.3371004125
SOYBEAN,PSOYB,1998-M10,200.75547573125
SOYBEAN,PSOYB,1998-M11,209.89638401875
SOYBEAN,PSOYB,1998-M12,204.9125219625
SOYBEAN,PSOYB,1999-M01,195.036666275
SOYBEAN,PSOYB,1999-M02,179.67167219375
SOYBEAN,PSOYB,1999-M03,175.0552838375
SOYBEAN,PSOYB,1999-M04,177.5357313125
SOYBEAN,PSOYB,1999-M05,171.44944815625
SOYBEAN,PSOYB,1999-M06,170.0025204625
SOYBEAN,PSOYB,1999-M07,158.31226338125
SOYBEAN,PSOYB,1999-M08,172.00065870625
SOYBEAN,PSOYB,1999-M09,180.63629065625
SOYBEAN,PSOYB,1999-M10,178.1788102875
SOYBEAN,PSOYB,1999-M11,171.1968099875
SOYBEAN,PSOYB,1999-M12,169.95658625
SOYBEAN,PSOYB,2000-M01,180.3836524875
SOYBEAN,PSOYB,2000-M02,185.75795535
SOYBEAN,PSOYB,2000-M03,190.97148846875
SOYBEAN,PSOYB,2000-M04,197.1037058375
SOYBEAN,PSOYB,2000-M05,200.8703112625
SOYBEAN,PSOYB,2000-M06,186.952244875
SOYBEAN,PSOYB,2000-M07,169.497244125
SOYBEAN,PSOYB,2000-M08,167.86657958125
SOYBEAN,PSOYB,2000-M09,180.45255380625
SOYBEAN,PSOYB,2000-M10,173.60835614375
SOYBEAN,PSOYB,2000-M11,177.19122471875
SOYBEAN,PSOYB,2000-M12,185.96465930625
SOYBEAN,PSOYB,2001-M01,175.4227575375
SOYBEAN,PSOYB,2001-M02,167.45317166875
SOYBEAN,PSOYB,2001-M03,164.37557943125
SOYBEAN,PSOYB,2001-M04,158.6108357625
SOYBEAN,PSOYB,2001-M05,163.87030309375
SOYBEAN,PSOYB,2001-M06,170.232191525
SOYBEAN,PSOYB,2001-M07,186.65367249375
SOYBEAN,PSOYB,2001-M08,182.74926443125
SOYBEAN,PSOYB,2001-M09,172.3451653
SOYBEAN,PSOYB,2001-M10,160.6319411125
SOYBEAN,PSOYB,2001-M11,162.5611780375
SOYBEAN,PSOYB,2001-M12,160.14963188125
SOYBEAN,PSOYB,2002-M01,160.05776345625
SOYBEAN,PSOYB,2002-M02,160.19556609375
SOYBEAN,PSOYB,2002-M03,168.69339540625
SOYBEAN,PSOYB,2002-M04,171.35757973125
SOYBEAN,PSOYB,2002-M05,176.64001416875
SOYBEAN,PSOYB,2002-M06,185.36751454375
SOYBEAN,PSOYB,2002-M07,209.0925353
SOYBEAN,PSOYB,2002-M08,208.2197852625
SOYBEAN,PSOYB,2002-M09,208.2197852625
SOYBEAN,PSOYB,2002-M10,200.08942965
SOYBEAN,PSOYB,2002-M11,210.21792350625
SOYBEAN,PSOYB,2002-M12,208.24275236875
SOYBEAN,PSOYB,2003-M01,208.67359625
SOYBEAN,PSOYB,2003-M02,209.6131391052632
SOYBEAN,PSOYB,2003-M03,210.22208075
SOYBEAN,PSOYB,2003-M04,221.70886125
SOYBEAN,PSOYB,2003-M05,232.412651
SOYBEAN,PSOYB,2003-M06,229.77497825
SOYBEAN,PSOYB,2003-M07,214.0320525
SOYBEAN,PSOYB,2003-M08,208.21867425
SOYBEAN,PSOYB,2003-M09,231.69964825
SOYBEAN,PSOYB,2003-M10,268.9878472826087
SOYBEAN,PSOYB,2003-M11,279.7210856447368
SOYBEAN,PSOYB,2003-M12,283.1853660681818
SOYBEAN,PSOYB,2004-M01,300.8987522625
SOYBEAN,PSOYB,2004-M02,316.5518101973684
SOYBEAN,PSOYB,2004-M03,360.675360423913
SOYBEAN,PSOYB,2004-M04,363.50454925
SOYBEAN,PSOYB,2004-M05,347.87097975
SOYBEAN,PSOYB,2004-M06,320.2296963409091
SOYBEAN,PSOYB,2004-M07,289.785314
SOYBEAN,PSOYB,2004-M08,225.7900365
SOYBEAN,PSOYB,2004-M09,206.447103
SOYBEAN,PSOYB,2004-M10,193.43370925
SOYBEAN,PSOYB,2004-M11,195.8176755
SOYBEAN,PSOYB,2004-M12,198.59095
SOYBEAN,PSOYB,2005-M01,195.6647954625
SOYBEAN,PSOYB,2005-M02,197.58924675
SOYBEAN,PSOYB,2005-M03,233.1805307045455
SOYBEAN,PSOYB,2005-M04,228.7645265
SOYBEAN,PSOYB,2005-M05,233.462471
SOYBEAN,PSOYB,2005-M06,254.7424019318182
SOYBEAN,PSOYB,2005-M07,253.3478115
SOYBEAN,PSOYB,2005-M08,230.4269316847826
SOYBEAN,PSOYB,2005-M09,212.01552325
SOYBEAN,PSOYB,2005-M10,211.16691875
SOYBEAN,PSOYB,2005-M11,210.9000895
SOYBEAN,PSOYB,2005-M12,216.542872
SOYBEAN,PSOYB,2006-M01,214.0090876875
SOYBEAN,PSOYB,2006-M02,214.3656466184211
SOYBEAN,PSOYB,2006-M03,212.7140719565217
SOYBEAN,PSOYB,2006-M04,208.9024385921053
SOYBEAN,PSOYB,2006-M05,217.3556871818182
SOYBEAN,PSOYB,2006-M06,216.5039014090909
SOYBEAN,PSOYB,2006-M07,217.2517192125
SOYBEAN,PSOYB,2006-M08,203.8436635108696
SOYBEAN,PSOYB,2006-M09,199.307014725
SOYBEAN,PSOYB,2006-M10,217.8859655795455
SOYBEAN,PSOYB,2006-M11,244.00003925
SOYBEAN,PSOYB,2006-M12,243.307595475
SOYBEAN,PSOYB,2007-M01,255.8673795
SOYBEAN,PSOYB,2007-M02,278.0386109605263
SOYBEAN,PSOYB,2007-M03,276.9598141704545
SOYBEAN,PSOYB,2007-M04,270.3922953375
SOYBEAN,PSOYB,2007-M05,283.2062431704545
SOYBEAN,PSOYB,2007-M06,302.8293275
SOYBEAN,PSOYB,2007-M07,313.476252
SOYBEAN,PSOYB,2007-M08,309.0065292391304
SOYBEAN,PSOYB,2007-M09,347.5615591184211
SOYBEAN,PSOYB,2007-M10,358.4028424565217
SOYBEAN,PSOYB,2007-M11,389.01517525
SOYBEAN,PSOYB,2007-M12,423.0807406875
SOYBEAN,PSOYB,2008-M01,461.71521025
SOYBEAN,PSOYB,2008-M02,508.2158935875
SOYBEAN,PSOYB,2008-M03,495.69088485
SOYBEAN,PSOYB,2008-M04,482.7913408977273
SOYBEAN,PSOYB,2008-M05,489.08926675
SOYBEAN,PSOYB,2008-M06,552.47214925
SOYBEAN,PSOYB,2008-M07,554.1492764659091
SOYBEAN,PSOYB,2008-M08,471.06735675
SOYBEAN,PSOYB,2008-M09,433.383193
SOYBEAN,PSOYB,2008-M10,338.7849017608696
SOYBEAN,PSOYB,2008-M11,329.1365274473684
SOYBEAN,PSOYB,2008-M12,318.8142288068182
SOYBEAN,PSOYB,2009-M01,364.7179662
SOYBEAN,PSOYB,2009-M02,341.2716178421053
SOYBEAN,PSOYB,2009-M03,333.6578485227273
SOYBEAN,PSOYB,2009-M04,374.46641975
SOYBEAN,PSOYB,2009-M05,422.3550526125
SOYBEAN,PSOYB,2009-M06,445.1081712954545
SOYBEAN,PSOYB,2009-M07,398.0887615568182
SOYBEAN,PSOYB,2009-M08,408.957381
SOYBEAN,PSOYB,2009-M09,349.05202725
SOYBEAN,PSOYB,2009-M10,354.8648090113636
SOYBEAN,PSOYB,2009-M11,370.7071893
SOYBEAN,PSOYB,2009-M12,379.2993695113636
SOYBEAN,PSOYB,2010-M01,358.9666102105263
SOYBEAN,PSOYB,2010-M02,344.6607406973684
SOYBEAN,PSOYB,2010-M03,348.9493274673913
SOYBEAN,PSOYB,2010-M04,357.63868
SOYBEAN,PSOYB,2010-M05,349.0513711125
SOYBEAN,PSOYB,2010-M06,348.5139945
SOYBEAN,PSOYB,2010-M07,370.97576825
SOYBEAN,PSOYB,2010-M08,379.4622109090909
SOYBEAN,PSOYB,2010-M09,390.23121675
SOYBEAN,PSOYB,2010-M10,427.17613225
SOYBEAN,PSOYB,2010-M11,459.961136
SOYBEAN,PSOYB,2010-M12,483.7558630227273
SOYBEAN,PSOYB,2011-M01,511.104867
SOYBEAN,PSOYB,2011-M02,512.0524676842105
SOYBEAN,PSOYB,2011-M03,498.739813173913
SOYBEAN,PSOYB,2011-M04,501.468831675
SOYBEAN,PSOYB,2011-M05,498.76510775
SOYBEAN,PSOYB,2011-M06,499.7727758863636
SOYBEAN,PSOYB,2011-M07,501.82708275
SOYBEAN,PSOYB,2011-M08,501.423700826087
SOYBEAN,PSOYB,2011-M09,490.90895475
SOYBEAN,PSOYB,2011-M10,446.016027
SOYBEAN,PSOYB,2011-M11,428.8252245
SOYBEAN,PSOYB,2011-M12,420.04610475
SOYBEAN,PSOYB,2012-M01,441.7327614
SOYBEAN,PSOYB,2012-M02,461.55598755
SOYBEAN,PSOYB,2012-M03,496.2904752272727
SOYBEAN,PSOYB,2012-M04,529.42160145
SOYBEAN,PSOYB,2012-M05,520.9254559090909
SOYBEAN,PSOYB,2012-M06,522.3291925
SOYBEAN,PSOYB,2012-M07,609.4467555
SOYBEAN,PSOYB,2012-M08,622.9135497717391
SOYBEAN,PSOYB,2012-M09,615.18139725
SOYBEAN,PSOYB,2012-M10,565.5254818043478
SOYBEAN,PSOYB,2012-M11,533.028608
SOYBEAN,PSOYB,2012-M12,534.7907746125
SOYBEAN,PSOYB,2013-M01,526.047305
SOYBEAN,PSOYB,2013-M02,536.3758301447368
SOYBEAN,PSOYB,2013-M03,536.081397075
SOYBEAN,PSOYB,2013-M04,517.7897151477273
SOYBEAN,PSOYB,2013-M05,542.199223125
SOYBEAN,PSOYB,2013-M06,560.1577065
SOYBEAN,PSOYB,2013-M07,548.3496174545455
SOYBEAN,PSOYB,2013-M08,498.0483272386364
SOYBEAN,PSOYB,2013-M09,503.2371222375
SOYBEAN,PSOYB,2013-M10,472.8275169130435
SOYBEAN,PSOYB,2013-M11,476.6622412125
SOYBEAN,PSOYB,2013-M12,488.66933875
SOYBEAN,PSOYB,2014-M01,476.1021185
SOYBEAN,PSOYB,2014-M02,496.7989974868421
SOYBEAN,PSOYB,2014-M03,522.00112375
SOYBEAN,PSOYB,2014-M04,547.18805525
SOYBEAN,PSOYB,2014-M05,546.03325325
SOYBEAN,PSOYB,2014-M06,528.00259475
SOYBEAN,PSOYB,2014-M07,463.2336714886364
SOYBEAN,PSOYB,2014-M08,432.98513625
SOYBEAN,PSOYB,2014-M09,368.84988275
SOYBEAN,PSOYB,2014-M10,354.4409130652174
SOYBEAN,PSOYB,2014-M11,379.3448596184211
SOYBEAN,PSOYB,2014-M12,378.781617375
SOYBEAN,PSOYB,2015-M01,367.49211555
SOYBEAN,PSOYB,2015-M02,364.7392388684211
SOYBEAN,PSOYB,2015-M03,359.5955603863636
SOYBEAN,PSOYB,2015-M04,356.92567725
SOYBEAN,PSOYB,2015-M05,351.94953045
SOYBEAN,PSOYB,2015-M06,354.8230548068182
SOYBEAN,PSOYB,2015-M07,372.3472944545455
SOYBEAN,PSOYB,2015-M08,347.02237525
SOYBEAN,PSOYB,2015-M09,323.554524
SOYBEAN,PSOYB,2015-M10,327.4197703636364
SOYBEAN,PSOYB,2015-M11,319.0822908
SOYBEAN,PSOYB,2015-M12,323.3153320568182
SOYBEAN,PSOYB,2016-M01,323.2043537763158
SOYBEAN,PSOYB,2016-M02,320.12948625
SOYBEAN,PSOYB,2016-M03,326.9354215909091
SOYBEAN,PSOYB,2016-M04,353.80246275
SOYBEAN,PSOYB,2016-M05,388.5121365
SOYBEAN,PSOYB,2016-M06,421.2289417159091
SOYBEAN,PSOYB,2016-M07,390.4018125
SOYBEAN,PSOYB,2016-M08,370.3165877934783
SOYBEAN,PSOYB,2016-M09,355.90210275
SOYBEAN,PSOYB,2016-M10,358.38667675
SOYBEAN,PSOYB,2016-M11,368.3730895
SOYBEAN,PSOYB,2016-M12,375.28877875
SOYBEAN,PSOYB,2017-M01,379.589978775
SOYBEAN,PSOYB,2017-M02,380.8726239868421
SOYBEAN,PSOYB,2017-M03,366.095056173913
SOYBEAN,PSOYB,2017-M04,347.8613103552632
SOYBEAN,PSOYB,2017-M05,350.1799872613636
SOYBEAN,PSOYB,2017-M06,339.7289098636364
SOYBEAN,PSOYB,2017-M07,365.4528402
SOYBEAN,PSOYB,2017-M08,345.4107494021739
SOYBEAN,PSOYB,2017-M09,353.86020285
SOYBEAN,PSOYB,2017-M10,358.2761275227273
SOYBEAN,PSOYB,2017-M11,361.4092835
SOYBEAN,PSOYB,2017-M12,357.1533569625
SOYBEAN,PSOYB,2018-M01,356.868812
SOYBEAN,PSOYB,2018-M02,371.2322374342105
SOYBEAN,PSOYB,2018-M03,381.89389625
SOYBEAN,PSOYB,2018-M04,381.2683785
SOYBEAN,PSOYB,2018-M05,374.8483713068182
SOYBEAN,PSOYB,2018-M06,339.9579615
SOYBEAN,PSOYB,2018-M07,312.56203375
SOYBEAN,PSOYB,2018-M08,316.6588041521739
SOYBEAN,PSOYB,2018-M09,306.4327886052632
SOYBEAN,PSOYB,2018-M10,315.8520403043478
SOYBEAN,PSOYB,2018-M11,322.28161725
SOYBEAN,PSOYB,2018-M12,330.482023725
SOYBEAN,PSOYB,2019-M01,333.77714625
SOYBEAN,PSOYB,2019-M02,334.5030415263158
SOYBEAN,PSOYB,2019-M03,329.23667475
SOYBEAN,PSOYB,2019-M04,324.254404
SOYBEAN,PSOYB,2019-M05,305.3109190568182
SOYBEAN,PSOYB,2019-M06,326.6147493
SOYBEAN,PSOYB,2019-M07,325.4698490113636
SOYBEAN,PSOYB,2019-M08,314.6262820909091
SOYBEAN,PSOYB,2019-M09,322.453525275
SOYBEAN,PSOYB,2019-M10,339.8712372391304
SOYBEAN,PSOYB,2019-M11,332.9576305125
SOYBEAN,PSOYB,2019-M12,334.94944525
SOYBEAN,PSOYB,2020-M01,337.079705
SOYBEAN,PSOYB,2020-M02,325.4283145657895
SOYBEAN,PSOYB,2020-M03,319.3361563636364
SOYBEAN,PSOYB,2020-M04,309.994349
SOYBEAN,PSOYB,2020-M05,309.3314314125
SOYBEAN,PSOYB,2020-M06,318.6430365681818
SOYBEAN,PSOYB,2020-M07,328.9354479886364
SOYBEAN,PSOYB,2020-M08,332.14117675
SOYBEAN,PSOYB,2020-M09,366.824605
SOYBEAN,PSOYB,2020-M10,387.5750528522727
SOYBEAN,PSOYB,2020-M11,419.585496225
SOYBEAN,PSOYB,2020-M12,443.6551249772727
SOYBEAN,PSOYB,2021-M01,504.3121171973684
SOYBEAN,PSOYB,2021-M02,507.8172727894737
SOYBEAN,PSOYB,2021-M03,519.8794223152174
SOYBEAN,PSOYB,2021-M04,537.4183667045455
SOYBEAN,PSOYB,2021-M05,576.96794925
SOYBEAN,PSOYB,2021-M06,537.3557353977273
SOYBEAN,PSOYB,2021-M07,523.5714795
SOYBEAN,PSOYB,2021-M08,504.0400555909091
SOYBEAN,PSOYB,2021-M09,469.44013575
SOYBEAN,PSOYB,2021-M10,452.02187225
SOYBEAN,PSOYB,2021-M11,454.57643425
SOYBEAN,PSOYB,2021-M12,473.8100115
SOYBEAN,PSOYB,2022-M01,514.4485437
SOYBEAN,PSOYB,2022-M02,583.6930132894737
SOYBEAN,PSOYB,2022-M03,617.1983068695652
SOYBEAN,PSOYB,2022-M04,618.13839025
SOYBEAN,PSOYB,2022-M05,617.1229677613636
SOYBEAN,PSOYB,2022-M06,621.198178125
SOYBEAN,PSOYB,2022-M07,571.00147225
SOYBEAN,PSOYB,2022-M08,576.8241695543478
SOYBEAN,PSOYB,2022-M09,537.5519801590909
SOYBEAN,PSOYB,2022-M10,507.5442275
SOYBEAN,PSOYB,2022-M11,529.7481193295455
SOYBEAN,PSOYB,2022-M12,541.831786125
SOYBEAN,PSOYB,2023-M01,555.5062881136364
SOYBEAN,PSOYB,2023-M02,561.2921682375
SOYBEAN,PSOYB,2023-M03,547.2255216521739
SOYBEAN,PSOYB,2023-M04,546.87485895
SOYBEAN,PSOYB,2023-M05,508.3450956195652
SOYBEAN,PSOYB,2023-M06,526.2950466136364
SOYBEAN,PSOYB,2023-M07,555.11419625
SOYBEAN,PSOYB,2023-M08,510.150329576087
SOYBEAN,PSOYB,2023-M09,487.151474
SOYBEAN,PSOYB,2023-M10,471.9310722954545
SOYBEAN,PSOYB,2023-M11,494.3489047159091
SOYBEAN,PSOYB,2023-M12,481.48682025
SOYBEAN,PSOYB,2024-M01,452.626469673913
SOYBEAN,PSOYB,2024-M02,429.72632
SOYBEAN,PSOYB,2024-M03,433.52754325
SOYBEAN,PSOYB,2024-M04,427.9221407045455
SOYBEAN,PSOYB,2024-M05,447.4943333152174
SOYBEAN,PSOYB,2024-M06,430.9714502625
SOYBEAN,PSOYB,2024-M07,411.0821253913043
SOYBEAN,PSOYB,2024-M08,361.8294103295455
SOYBEAN,PSOYB,2024-M09,372.09557625
SOYBEAN,PSOYB,2024-M10,368.4913844347826
SOYBEAN,PSOYB,2024-M11,365.51670425
SOYBEAN,PSOYB,2024-M12,361.236500625
SOYBEAN,PSOYB,2025-M01,377.853040173913
SOYBEAN,PSOYB,2025-M02,382.0839574125
SOYBEAN,PSOYB,2025-M03,369.344173
SOYBEAN,PSOYB,2025-M04,378.0661990472382
SOYBEAN,PSOYB,2025-M05,387.649984262981
SOYBEAN,PSOYB,2025-M06,383.520686981273
SOYBEAN,PSOYB,2025-M07,374.7692583960979
SOYBEAN,PSOYB,2025-M08,372.962786097465
SOYBEAN,PSOYB,2025-M09,368.574390192018
SOYBEAN,PSOYB,2025-M10,371.5741425506887
SOYBEAN,PSOYB,2025-M11,410.1693589372302
SOYBEAN,PSOYB,2025-M12,391.5498835528245
SOYBEAN,PSOYB,2026-M01,383.2414025347702
SOYBEAN,PSOYB,2026-M02,409.479246388148
SOYBEAN,PSOYB,2026-M03,426.5981083814549
SOYBEAN,PSOYB,2026-M04,425.2924899966025
SOYBEAN,PSOYB,2026-M05,439.149647497951
SOYBEAN,PSOYB,2026-M06,414.542332960393
SOYBEAN,PSOYB,2026-M07,442.4505721529122
SUGAR,PSUGAISA,1992-M01,8.42409133911133
SUGAR,PSUGAISA,1992-M02,7.84299993515015
SUGAR,PSUGAISA,1992-M03,8.25045394897461
SUGAR,PSUGAISA,1992-M04,9.45571517944336
SUGAR,PSUGAISA,1992-M05,9.61333465576172
SUGAR,PSUGAISA,1992-M06,10.347728729248
SUGAR,PSUGAISA,1992-M07,10.3121757507324
SUGAR,PSUGAISA,1992-M08,9.86476135253906
SUGAR,PSUGAISA,1992-M09,9.31227493286133
SUGAR,PSUGAISA,1992-M10,8.7054557800293
SUGAR,PSUGAISA,1992-M11,8.55952453613281
SUGAR,PSUGAISA,1992-M12,8.14863681793213
SUGAR,PSUGAISA,1993-M01,8.23799991607666
SUGAR,PSUGAISA,1993-M02,8.55949974060059
SUGAR,PSUGAISA,1993-M03,10.6247825622559
SUGAR,PSUGAISA,1993-M04,11.1538095474243
SUGAR,PSUGAISA,1993-M05,11.8280000686646
SUGAR,PSUGAISA,1993-M06,10.3986368179321
SUGAR,PSUGAISA,1993-M07,9.67500019073486
SUGAR,PSUGAISA,1993-M08,9.34227275848389
SUGAR,PSUGAISA,1993-M09,9.53590869903564
SUGAR,PSUGAISA,1993-M10,10.2947616577148
SUGAR,PSUGAISA,1993-M11,10.0740909576416
SUGAR,PSUGAISA,1993-M12,10.522608757019
SUGAR,PSUGAISA,1994-M01,10.2990474700928
SUGAR,PSUGAISA,1994-M02,10.8225002288818
SUGAR,PSUGAISA,1994-M03,11.7291307449341
SUGAR,PSUGAISA,1994-M04,11.013500213623
SUGAR,PSUGAISA,1994-M05,11.5799999237061
SUGAR,PSUGAISA,1994-M06,12.0481815338135
SUGAR,PSUGAISA,1994-M07,11.7742853164673
SUGAR,PSUGAISA,1994-M08,12.0947828292847
SUGAR,PSUGAISA,1994-M09,12.594090461731
SUGAR,PSUGAISA,1994-M10,12.7580947875977
SUGAR,PSUGAISA,1994-M11,13.9259090423584
SUGAR,PSUGAISA,1994-M12,14.6747617721558
SUGAR,PSUGAISA,1995-M01,14.7950000762939
SUGAR,PSUGAISA,1995-M02,14.4075002670288
SUGAR,PSUGAISA,1995-M03,14.5934782028198
SUGAR,PSUGAISA,1995-M04,13.6052627563477
SUGAR,PSUGAISA,1995-M05,13.5222730636597
SUGAR,PSUGAISA,1995-M06,14.0204544067383
SUGAR,PSUGAISA,1995-M07,13.5923805236816
SUGAR,PSUGAISA,1995-M08,12.9808692932129
SUGAR,PSUGAISA,1995-M09,11.6899995803833
SUGAR,PSUGAISA,1995-M10,11.837272644043
SUGAR,PSUGAISA,1995-M11,11.9840908050537
SUGAR,PSUGAISA,1995-M12,12.3100004196167
SUGAR,PSUGAISA,1996-M01,12.5336360931396
SUGAR,PSUGAISA,1996-M02,12.8185710906982
SUGAR,PSUGAISA,1996-M03,12.8990478515625
SUGAR,PSUGAISA,1996-M04,11.9838094711304
SUGAR,PSUGAISA,1996-M05,11.3777275085449
SUGAR,PSUGAISA,1996-M06,12.173999786377
SUGAR,PSUGAISA,1996-M07,12.8069562911987
SUGAR,PSUGAISA,1996-M08,12.3663635253906
SUGAR,PSUGAISA,1996-M09,11.915714263916
SUGAR,PSUGAISA,1996-M10,11.1239128112793
SUGAR,PSUGAISA,1996-M11,10.7247619628906
SUGAR,PSUGAISA,1996-M12,10.7379999160767
SUGAR,PSUGAISA,1997-M01,10.6919050216675
SUGAR,PSUGAISA,1997-M02,10.8129997253418
SUGAR,PSUGAISA,1997-M03,11.1409997940063
SUGAR,PSUGAISA,1997-M04,11.2990913391113
SUGAR,PSUGAISA,1997-M05,11.1281814575195
SUGAR,PSUGAISA,1997-M06,11.4290475845337
SUGAR,PSUGAISA,1997-M07,11.5721740722656
SUGAR,PSUGAISA,1997-M08,11.7014284133911
SUGAR,PSUGAISA,1997-M09,11.3313636779785
SUGAR,PSUGAISA,1997-M10,11.3822727203369
SUGAR,PSUGAISA,1997-M11,12.0120000839233
SUGAR,PSUGAISA,1997-M12,12.3266668319702
SUGAR,PSUGAISA,1998-M01,11.518500328064
SUGAR,PSUGAISA,1998-M02,10.7194995880127
SUGAR,PSUGAISA,1998-M03,9.84227275848389
SUGAR,PSUGAISA,1998-M04,9.67681789398193
SUGAR,PSUGAISA,1998-M05,9.22550010681152
SUGAR,PSUGAISA,1998-M06,8.09863662719727
SUGAR,PSUGAISA,1998-M07,8.6247615814209
SUGAR,PSUGAISA,1998-M08,8.48238086700439
SUGAR,PSUGAISA,1998-M09,7.22909069061279
SUGAR,PSUGAISA,1998-M10,7.46272706985474
SUGAR,PSUGAISA,1998-M11,8.06142902374268
SUGAR,PSUGAISA,1998-M12,8.07681846618652
SUGAR,PSUGAISA,1999-M01,8.10900020599365
SUGAR,PSUGAISA,1999-M02,6.8155
SUGAR,PSUGAISA,1999-M03,6.02521739130435
SUGAR,PSUGAISA,1999-M04,5.42190476190476
SUGAR,PSUGAISA,1999-M05,5.7485
SUGAR,PSUGAISA,1999-M06,6.03863636363636
SUGAR,PSUGAISA,1999-M07,5.37818181818182
SUGAR,PSUGAISA,1999-M08,5.72347826086956
SUGAR,PSUGAISA,1999-M09,6.67454545454545
SUGAR,PSUGAISA,1999-M10,6.75428571428571
SUGAR,PSUGAISA,1999-M11,6.505
SUGAR,PSUGAISA,1999-M12,5.982
SUGAR,PSUGAISA,2000-M01,5.6295
SUGAR,PSUGAISA,2000-M02,5.351
SUGAR,PSUGAISA,2000-M03,5.1112
SUGAR,PSUGAISA,2000-M04,6.011
SUGAR,PSUGAISA,2000-M05,6.78086956521739
SUGAR,PSUGAISA,2000-M06,8.33454545454546
SUGAR,PSUGAISA,2000-M07,9.64047619047619
SUGAR,PSUGAISA,2000-M08,10.5978260869565
SUGAR,PSUGAISA,2000-M09,9.8575
SUGAR,PSUGAISA,2000-M10,10.4131818181818
SUGAR,PSUGAISA,2000-M11,9.5135
SUGAR,PSUGAISA,2000-M12,9.7175
SUGAR,PSUGAISA,2001-M01,10.0595238095238
SUGAR,PSUGAISA,2001-M02,9.3625
SUGAR,PSUGAISA,2001-M03,8.71681818181818
SUGAR,PSUGAISA,2001-M04,8.05210526315789
SUGAR,PSUGAISA,2001-M05,8.95954545454546
SUGAR,PSUGAISA,2001-M06,8.74285714285714
SUGAR,PSUGAISA,2001-M07,8.53619047619048
SUGAR,PSUGAISA,2001-M08,7.90434782608696
SUGAR,PSUGAISA,2001-M09,7.16066666666667
SUGAR,PSUGAISA,2001-M10,6.59608695652174
SUGAR,PSUGAISA,2001-M11,7.278
SUGAR,PSUGAISA,2001-M12,7.41
SUGAR,PSUGAISA,2002-M01,7.31380952380952
SUGAR,PSUGAISA,2002-M02,5.68315789473684
SUGAR,PSUGAISA,2002-M03,5.9245
SUGAR,PSUGAISA,2002-M04,5.17818181818182
SUGAR,PSUGAISA,2002-M05,5.61181818181818
SUGAR,PSUGAISA,2002-M06,5.246
SUGAR,PSUGAISA,2002-M07,5.79476190476191
SUGAR,PSUGAISA,2002-M08,5.85681818181818
SUGAR,PSUGAISA,2002-M09,6.4095
SUGAR,PSUGAISA,2002-M10,7.02
SUGAR,PSUGAISA,2002-M11,7.29684210526316
SUGAR,PSUGAISA,2002-M12,7.508
SUGAR,PSUGAISA,2003-M01,7.89047619047619
SUGAR,PSUGAISA,2003-M02,8.34833333333334
SUGAR,PSUGAISA,2003-M03,7.84333333333334
SUGAR,PSUGAISA,2003-M04,7.26190476190476
SUGAR,PSUGAISA,2003-M05,7.01380952380952
SUGAR,PSUGAISA,2003-M06,6.4047619047619
SUGAR,PSUGAISA,2003-M07,6.73227272727273
SUGAR,PSUGAISA,2003-M08,6.70904761904762
SUGAR,PSUGAISA,2003-M09,6.27142857142857
SUGAR,PSUGAISA,2003-M10,6.09826086956522
SUGAR,PSUGAISA,2003-M11,6.19111111111111
SUGAR,PSUGAISA,2003-M12,6.34380952380952
SUGAR,PSUGAISA,2004-M01,6.03052631578947
SUGAR,PSUGAISA,2004-M02,5.87315789473684
SUGAR,PSUGAISA,2004-M03,6.49608695652174
SUGAR,PSUGAISA,2004-M04,6.86047619047619
SUGAR,PSUGAISA,2004-M05,6.6225
SUGAR,PSUGAISA,2004-M06,7.51428571428571
SUGAR,PSUGAISA,2004-M07,8.16571428571429
SUGAR,PSUGAISA,2004-M08,7.87909090909091
SUGAR,PSUGAISA,2004-M09,8.67428571428571
SUGAR,PSUGAISA,2004-M10,8.96380952380952
SUGAR,PSUGAISA,2004-M11,8.666
SUGAR,PSUGAISA,2004-M12,8.79523809523809
SUGAR,PSUGAISA,2005-M01,8.922
SUGAR,PSUGAISA,2005-M02,9.32368421052632
SUGAR,PSUGAISA,2005-M03,8.895
SUGAR,PSUGAISA,2005-M04,8.52571428571428
SUGAR,PSUGAISA,2005-M05,8.51142857142857
SUGAR,PSUGAISA,2005-M06,9.03318181818182
SUGAR,PSUGAISA,2005-M07,9.5975
SUGAR,PSUGAISA,2005-M08,9.87521739130434
SUGAR,PSUGAISA,2005-M09,10.8104761904762
SUGAR,PSUGAISA,2005-M10,11.6128571428571
SUGAR,PSUGAISA,2005-M11,11.808
SUGAR,PSUGAISA,2005-M12,13.9271428571429
SUGAR,PSUGAISA,2006-M01,16.187
SUGAR,PSUGAISA,2006-M02,18.0526315789474
SUGAR,PSUGAISA,2006-M03,17.0821739130435
SUGAR,PSUGAISA,2006-M04,17.4626315789474
SUGAR,PSUGAISA,2006-M05,16.9004545454545
SUGAR,PSUGAISA,2006-M06,15.6890909090909
SUGAR,PSUGAISA,2006-M07,15.857
SUGAR,PSUGAISA,2006-M08,12.9795652173913
SUGAR,PSUGAISA,2006-M09,12.3135
SUGAR,PSUGAISA,2006-M10,11.5090909090909
SUGAR,PSUGAISA,2006-M11,11.732
SUGAR,PSUGAISA,2006-M12,11.6965
SUGAR,PSUGAISA,2007-M01,10.9035
SUGAR,PSUGAISA,2007-M02,10.5715789473684
SUGAR,PSUGAISA,2007-M03,10.3668181818182
SUGAR,PSUGAISA,2007-M04,9.594
SUGAR,PSUGAISA,2007-M05,9.08636363636364
SUGAR,PSUGAISA,2007-M06,9.26047619047619
SUGAR,PSUGAISA,2007-M07,9.89571428571428
SUGAR,PSUGAISA,2007-M08,9.61304347826087
SUGAR,PSUGAISA,2007-M09,9.85105263157895
SUGAR,PSUGAISA,2007-M10,9.99478260869565
SUGAR,PSUGAISA,2007-M11,9.896
SUGAR,PSUGAISA,2007-M12,10.4463157894737
SUGAR,PSUGAISA,2008-M01,11.6595238095238
SUGAR,PSUGAISA,2008-M02,13.6075
SUGAR,PSUGAISA,2008-M03,12.8765
SUGAR,PSUGAISA,2008-M04,12.5227272727273
SUGAR,PSUGAISA,2008-M05,10.9347619047619
SUGAR,PSUGAISA,2008-M06,12.0652380952381
SUGAR,PSUGAISA,2008-M07,13.2077272727273
SUGAR,PSUGAISA,2008-M08,13.6814285714286
SUGAR,PSUGAISA,2008-M09,14.0204761904762
SUGAR,PSUGAISA,2008-M10,11.7021739130435
SUGAR,PSUGAISA,2008-M11,11.8284210526316
SUGAR,PSUGAISA,2008-M12,11.32
SUGAR,PSUGAISA,2009-M01,12.244
SUGAR,PSUGAISA,2009-M02,13.3121052631579
SUGAR,PSUGAISA,2009-M03,12.9281818181818
SUGAR,PSUGAISA,2009-M04,13.4695238095238
SUGAR,PSUGAISA,2009-M05,15.466
SUGAR,PSUGAISA,2009-M06,16.5759090909091
SUGAR,PSUGAISA,2009-M07,17.8045454545455
SUGAR,PSUGAISA,2009-M08,21.72
SUGAR,PSUGAISA,2009-M09,23.4514285714286
SUGAR,PSUGAISA,2009-M10,23.1609090909091
SUGAR,PSUGAISA,2009-M11,22.769
SUGAR,PSUGAISA,2009-M12,24.9027272727273
SUGAR,PSUGAISA,2010-M01,21.90526315789474
SUGAR,PSUGAISA,2010-M02,21.97894736842105
SUGAR,PSUGAISA,2010-M03,18.14782608695652
SUGAR,PSUGAISA,2010-M04,16.88571428571429
SUGAR,PSUGAISA,2010-M05,15.105
SUGAR,PSUGAISA,2010-M06,16.3
SUGAR,PSUGAISA,2010-M07,17.69
SUGAR,PSUGAISA,2010-M08,18.60363636363636
SUGAR,PSUGAISA,2010-M09,22.66952380952381
SUGAR,PSUGAISA,2010-M10,26.94380952380952
SUGAR,PSUGAISA,2010-M11,26.42047619047619
SUGAR,PSUGAISA,2010-M12,28.04090909090909
SUGAR,PSUGAISA,2011-M01,29.73684210526316
SUGAR,PSUGAISA,2011-M02,29.30631578947368
SUGAR,PSUGAISA,2011-M03,25.9
SUGAR,PSUGAISA,2011-M04,23.903
SUGAR,PSUGAISA,2011-M05,21.84095238095238
SUGAR,PSUGAISA,2011-M06,24.92454545454545
SUGAR,PSUGAISA,2011-M07,29.471
SUGAR,PSUGAISA,2011-M08,28.87434782608696
SUGAR,PSUGAISA,2011-M09,26.63857142857143
SUGAR,PSUGAISA,2011-M10,26.29857142857143
SUGAR,PSUGAISA,2011-M11,24.51761904761905
SUGAR,PSUGAISA,2011-M12,23.4152380952381
SUGAR,PSUGAISA,2012-M01,24.0205
SUGAR,PSUGAISA,2012-M02,23.416
SUGAR,PSUGAISA,2012-M03,23.78818181818182
SUGAR,PSUGAISA,2012-M04,22.477
SUGAR,PSUGAISA,2012-M05,20.26545454545455
SUGAR,PSUGAISA,2012-M06,20.09809523809524
SUGAR,PSUGAISA,2012-M07,22.75714285714286
SUGAR,PSUGAISA,2012-M08,20.56130434782609
SUGAR,PSUGAISA,2012-M09,20.20631578947368
SUGAR,PSUGAISA,2012-M10,20.38869565217391
SUGAR,PSUGAISA,2012-M11,19.31333333333333
SUGAR,PSUGAISA,2012-M12,19.202
SUGAR,PSUGAISA,2013-M01,18.84571428571429
SUGAR,PSUGAISA,2013-M02,18.20789473684211
SUGAR,PSUGAISA,2013-M03,18.339
SUGAR,PSUGAISA,2013-M04,17.66227272727273
SUGAR,PSUGAISA,2013-M05,17.42636363636364
SUGAR,PSUGAISA,2013-M06,16.956
SUGAR,PSUGAISA,2013-M07,17.09636363636364
SUGAR,PSUGAISA,2013-M08,17.24409090909091
SUGAR,PSUGAISA,2013-M09,17.619
SUGAR,PSUGAISA,2013-M10,18.81260869565217
SUGAR,PSUGAISA,2013-M11,17.7485
SUGAR,PSUGAISA,2013-M12,16.5447619047619
SUGAR,PSUGAISA,2014-M01,15.70761904761905
SUGAR,PSUGAISA,2014-M02,16.88526315789474
SUGAR,PSUGAISA,2014-M03,17.88809523809524
SUGAR,PSUGAISA,2014-M04,18.2147619047619
SUGAR,PSUGAISA,2014-M05,18.24047619047619
SUGAR,PSUGAISA,2014-M06,18.24190476190476
SUGAR,PSUGAISA,2014-M07,18.73045454545455
SUGAR,PSUGAISA,2014-M08,17.7247619047619
SUGAR,PSUGAISA,2014-M09,16.54428571428571
SUGAR,PSUGAISA,2014-M10,16.47565217391304
SUGAR,PSUGAISA,2014-M11,15.87894736842105
SUGAR,PSUGAISA,2014-M12,14.99227272727273
SUGAR,PSUGAISA,2015-M01,15.0625
SUGAR,PSUGAISA,2015-M02,14.51210526315789
SUGAR,PSUGAISA,2015-M03,12.84090909090909
SUGAR,PSUGAISA,2015-M04,12.91095238095238
SUGAR,PSUGAISA,2015-M05,12.7035
SUGAR,PSUGAISA,2015-M06,12.11363636363636
SUGAR,PSUGAISA,2015-M07,11.87863636363636
SUGAR,PSUGAISA,2015-M08,10.6747619047619
SUGAR,PSUGAISA,2015-M09,12.13714285714286
SUGAR,PSUGAISA,2015-M10,14.14181818181818
SUGAR,PSUGAISA,2015-M11,14.843
SUGAR,PSUGAISA,2015-M12,14.76272727272727
SUGAR,PSUGAISA,2016-M01,14.29105263157895
SUGAR,PSUGAISA,2016-M02,13.314
SUGAR,PSUGAISA,2016-M03,15.43045454545455
SUGAR,PSUGAISA,2016-M04,14.99809523809524
SUGAR,PSUGAISA,2016-M05,16.68428571428571
SUGAR,PSUGAISA,2016-M06,19.33727272727273
SUGAR,PSUGAISA,2016-M07,19.687
SUGAR,PSUGAISA,2016-M08,20.01434782608696
SUGAR,PSUGAISA,2016-M09,21.35238095238095
SUGAR,PSUGAISA,2016-M10,22.91666666666667
SUGAR,PSUGAISA,2016-M11,20.86857142857143
SUGAR,PSUGAISA,2016-M12,18.83
SUGAR,PSUGAISA,2017-M01,20.5375
SUGAR,PSUGAISA,2017-M02,20.40578947368421
SUGAR,PSUGAISA,2017-M03,18.0595652173913
SUGAR,PSUGAISA,2017-M04,16.31684210526316
SUGAR,PSUGAISA,2017-M05,15.68909090909091
SUGAR,PSUGAISA,2017-M06,13.53
SUGAR,PSUGAISA,2017-M07,14.119
SUGAR,PSUGAISA,2017-M08,13.79608695652174
SUGAR,PSUGAISA,2017-M09,13.931
SUGAR,PSUGAISA,2017-M10,14.23181818181818
SUGAR,PSUGAISA,2017-M11,14.96666666666667
SUGAR,PSUGAISA,2017-M12,14.4325
SUGAR,PSUGAISA,2018-M01,13.97952380952381
SUGAR,PSUGAISA,2018-M02,13.57263157894737
SUGAR,PSUGAISA,2018-M03,12.82571428571429
SUGAR,PSUGAISA,2018-M04,11.82428571428571
SUGAR,PSUGAISA,2018-M05,11.82727272727273
SUGAR,PSUGAISA,2018-M06,12.06190476190476
SUGAR,PSUGAISA,2018-M07,11.1552380952381
SUGAR,PSUGAISA,2018-M08,10.45521739130435
SUGAR,PSUGAISA,2018-M09,10.78368421052632
SUGAR,PSUGAISA,2018-M10,13.18478260869565
SUGAR,PSUGAISA,2018-M11,12.79238095238095
SUGAR,PSUGAISA,2018-M12,12.5535
SUGAR,PSUGAISA,2019-M01,12.68095238095238
SUGAR,PSUGAISA,2019-M02,12.92894736842105
SUGAR,PSUGAISA,2019-M03,12.47380952380952
SUGAR,PSUGAISA,2019-M04,12.53571428571429
SUGAR,PSUGAISA,2019-M05,11.825
SUGAR,PSUGAISA,2019-M06,12.4395
SUGAR,PSUGAISA,2019-M07,12.12863636363636
SUGAR,PSUGAISA,2019-M08,11.55545454545455
SUGAR,PSUGAISA,2019-M09,11.158
SUGAR,PSUGAISA,2019-M10,12.45739130434783
SUGAR,PSUGAISA,2019-M11,12.687
SUGAR,PSUGAISA,2019-M12,13.3352380952381
SUGAR,PSUGAISA,2020-M01,14.16666666666667
SUGAR,PSUGAISA,2020-M02,15.07105263157895
SUGAR,PSUGAISA,2020-M03,11.805
SUGAR,PSUGAISA,2020-M04,10.05190476190476
SUGAR,PSUGAISA,2020-M05,10.641
SUGAR,PSUGAISA,2020-M06,11.82818181818182
SUGAR,PSUGAISA,2020-M07,11.90181818181818
SUGAR,PSUGAISA,2020-M08,12.81428571428571
SUGAR,PSUGAISA,2020-M09,12.44142857142857
SUGAR,PSUGAISA,2020-M10,14.28772727272727
SUGAR,PSUGAISA,2020-M11,14.9335
SUGAR,PSUGAISA,2020-M12,14.66772727272727
SUGAR,PSUGAISA,2021-M01,15.91631578947368
SUGAR,PSUGAISA,2021-M02,17.00052631578947
SUGAR,PSUGAISA,2021-M03,15.80565217391304
SUGAR,PSUGAISA,2021-M04,16.23761904761905
SUGAR,PSUGAISA,2021-M05,17.20333333333333
SUGAR,PSUGAISA,2021-M06,17.21409090909091
SUGAR,PSUGAISA,2021-M07,17.7147619047619
SUGAR,PSUGAISA,2021-M08,19.38363636363636
SUGAR,PSUGAISA,2021-M09,19.26428571428571
SUGAR,PSUGAISA,2021-M10,19.61904761904762
SUGAR,PSUGAISA,2021-M11,19.74619047619048
SUGAR,PSUGAISA,2021-M12,19.16727272727273
SUGAR,PSUGAISA,2022-M01,18.461
SUGAR,PSUGAISA,2022-M02,18.20315789473684
SUGAR,PSUGAISA,2022-M03,19.10782608695652
SUGAR,PSUGAISA,2022-M04,19.69904761904762
SUGAR,PSUGAISA,2022-M05,19.28090909090909
SUGAR,PSUGAISA,2022-M06,18.79409090909091
SUGAR,PSUGAISA,2022-M07,18.34
SUGAR,PSUGAISA,2022-M08,18.06260869565217
SUGAR,PSUGAISA,2022-M09,18.18590909090909
SUGAR,PSUGAISA,2022-M10,18.30095238095238
SUGAR,PSUGAISA,2022-M11,19.40590909090909
SUGAR,PSUGAISA,2022-M12,20.065
SUGAR,PSUGAISA,2023-M01,19.94318181818182
SUGAR,PSUGAISA,2023-M02,21.4035
SUGAR,PSUGAISA,2023-M03,20.96173913043478
SUGAR,PSUGAISA,2023-M04,24.582
SUGAR,PSUGAISA,2023-M05,25.7295652173913
SUGAR,PSUGAISA,2023-M06,24.76227272727273
SUGAR,PSUGAISA,2023-M07,24.00809523809524
SUGAR,PSUGAISA,2023-M08,24.19304347826087
SUGAR,PSUGAISA,2023-M09,26.56380952380952
SUGAR,PSUGAISA,2023-M10,26.90363636363636
SUGAR,PSUGAISA,2023-M11,27.30954545454545
SUGAR,PSUGAISA,2023-M12,22.14571428571429
SUGAR,PSUGAISA,2024-M01,22.47478260869565
SUGAR,PSUGAISA,2024-M02,23.34190476190476
SUGAR,PSUGAISA,2024-M03,21.76904761904762
SUGAR,PSUGAISA,2024-M04,20.64727272727273
SUGAR,PSUGAISA,2024-M05,18.7995652173913
SUGAR,PSUGAISA,2024-M06,19.1695
SUGAR,PSUGAISA,2024-M07,19.35173913043478
SUGAR,PSUGAISA,2024-M08,18.41954545454545
SUGAR,PSUGAISA,2024-M09,20.6247619047619
SUGAR,PSUGAISA,2024-M10,22.35521739130435
SUGAR,PSUGAISA,2024-M11,21.6552380952381
SUGAR,PSUGAISA,2024-M12,20.31181818181818
SUGAR,PSUGAISA,2025-M01,18.93
SUGAR,PSUGAISA,2025-M02,20.1855
SUGAR,PSUGAISA,2025-M03,19.05619047619048
SUGAR,PSUGAISA,2025-M04,18.17181818181818
SUGAR,PSUGAISA,2025-M05,17.43136363636364
SUGAR,PSUGAISA,2025-M06,16.22619047619048
SUGAR,PSUGAISA,2025-M07,16.36478260869565
SUGAR,PSUGAISA,2025-M08,16.38952380952381
SUGAR,PSUGAISA,2025-M09,15.79
SUGAR,PSUGAISA,2025-M10,15.55869565217391
SUGAR,PSUGAISA,2025-M11,14.623
SUGAR,PSUGAISA,2025-M12,14.935
SUGAR,PSUGAISA,2026-M01,14.78590909090909
SUGAR,PSUGAISA,2026-M02,14.2015
SUGAR,PSUGAISA,2026-M03,14.79636363636364
SUGAR,PSUGAISA,2026-M04,14.09
SUGAR,PSUGAISA,2026-M05,14.77047619047619
SUGAR,PSUGAISA,2026-M06,13.90772727272727
SUGAR,PSUGAISA,2026-M07,14.81227272727273
COTTON,PCOTTIND,1992-M01,59.6199989318848
COTTON,PCOTTIND,1992-M02,56.2999992370605
COTTON,PCOTTIND,1992-M03,55.3250007629395
COTTON,PCOTTIND,1992-M04,57.9874992370605
COTTON,PCOTTIND,1992-M05,60.5900001525879
COTTON,PCOTTIND,1992-M06,63.8875007629395
COTTON,PCOTTIND,1992-M07,65.2900085449219
COTTON,PCOTTIND,1992-M08,59.75
COTTON,PCOTTIND,1992-M09,56.6500015258789
COTTON,PCOTTIND,1992-M10,53.1199989318848
COTTON,PCOTTIND,1992-M11,52.6875
COTTON,PCOTTIND,1992-M12,54
COTTON,PCOTTIND,1993-M01,57.294734954834
COTTON,PCOTTIND,1993-M02,60.5473670959473
COTTON,PCOTTIND,1993-M03,61.4543495178223
COTTON,PCOTTIND,1993-M04,61.0710525512695
COTTON,PCOTTIND,1993-M05,60.1749992370605
COTTON,PCOTTIND,1993-M06,58.4772720336914
COTTON,PCOTTIND,1993-M07,57.9900016784668
COTTON,PCOTTIND,1993-M08,55.5
COTTON,PCOTTIND,1993-M09,55.1624984741211
COTTON,PCOTTIND,1993-M10,54.9124984741211
COTTON,PCOTTIND,1993-M11,54.9124984741211
COTTON,PCOTTIND,1993-M12,58.7357139587402
COTTON,PCOTTIND,1994-M01,67.9375
COTTON,PCOTTIND,1994-M02,79.9749984741211
COTTON,PCOTTIND,1994-M03,81.7699966430664
COTTON,PCOTTIND,1994-M04,83.25
COTTON,PCOTTIND,1994-M05,86.0374984741211
COTTON,PCOTTIND,1994-M06,86.1999969482422
COTTON,PCOTTIND,1994-M07,82.0199966430664
COTTON,PCOTTIND,1994-M08,76.9375
COTTON,PCOTTIND,1994-M09,75.2900009155273
COTTON,PCOTTIND,1994-M10,73.875
COTTON,PCOTTIND,1994-M11,76.9124984741211
COTTON,PCOTTIND,1994-M12,86.3833312988281
COTTON,PCOTTIND,1995-M01,94.7750015258789
COTTON,PCOTTIND,1995-M02,99.9625015258789
COTTON,PCOTTIND,1995-M03,110.474998474121
COTTON,PCOTTIND,1995-M04,113.224998474121
COTTON,PCOTTIND,1995-M05,115.849998474121
COTTON,PCOTTIND,1995-M06,104.357498168945
COTTON,PCOTTIND,1995-M07,95.9770736694336
COTTON,PCOTTIND,1995-M08,84.6500015258789
COTTON,PCOTTIND,1995-M09,91.0999984741211
COTTON,PCOTTIND,1995-M10,91.5250015258789
COTTON,PCOTTIND,1995-M11,89.2874984741211
COTTON,PCOTTIND,1995-M12,88.4250030517578
COTTON,PCOTTIND,1996-M01,85.9124984741211
COTTON,PCOTTIND,1996-M02,86.7874984741211
COTTON,PCOTTIND,1996-M03,83.2300033569336
COTTON,PCOTTIND,1996-M04,83
COTTON,PCOTTIND,1996-M05,82.8899993896484
COTTON,PCOTTIND,1996-M06,83.125
COTTON,PCOTTIND,1996-M07,79.8375015258789
COTTON,PCOTTIND,1996-M08,76.7099990844727
COTTON,PCOTTIND,1996-M09,75.3600006103516
COTTON,PCOTTIND,1996-M10,75.4250030517578
COTTON,PCOTTIND,1996-M11,75.9059982299805
COTTON,PCOTTIND,1996-M12,78.2925033569336
COTTON,PCOTTIND,1997-M01,79.7699966430664
COTTON,PCOTTIND,1997-M02,80.4000015258789
COTTON,PCOTTIND,1997-M03,80.625
COTTON,PCOTTIND,1997-M04,78.8249969482422
COTTON,PCOTTIND,1997-M05,79.2600021362305
COTTON,PCOTTIND,1997-M06,80.5124969482422
COTTON,PCOTTIND,1997-M07,81.1750030517578
COTTON,PCOTTIND,1997-M08,81.2099990844727
COTTON,PCOTTIND,1997-M09,79.6374969482422
COTTON,PCOTTIND,1997-M10,77.75
COTTON,PCOTTIND,1997-M11,77.2249984741211
COTTON,PCOTTIND,1997-M12,74.3539962768555
COTTON,PCOTTIND,1998-M01,72.1374969482422
COTTON,PCOTTIND,1998-M02,68.8375015258789
COTTON,PCOTTIND,1998-M03,68.4250030517578
COTTON,PCOTTIND,1998-M04,65.6999969482422
COTTON,PCOTTIND,1998-M05,64.3600006103516
COTTON,PCOTTIND,1998-M06,68.9380035400391
COTTON,PCOTTIND,1998-M07,69.8639984130859
COTTON,PCOTTIND,1998-M08,68.1750030517578
COTTON,PCOTTIND,1998-M09,66.3874969482422
COTTON,PCOTTIND,1998-M10,61.4599990844727
COTTON,PCOTTIND,1998-M11,56.0800018310547
COTTON,PCOTTIND,1998-M12,56
COTTON,PCOTTIND,1999-M01,55.7750015258789
COTTON,PCOTTIND,1999-M02,56.1875
COTTON,PCOTTIND,1999-M03,56.706
COTTON,PCOTTIND,1999-M04,57.7375
COTTON,PCOTTIND,1999-M05,59.9
COTTON,PCOTTIND,1999-M06,58.5
COTTON,PCOTTIND,1999-M07,54.41
COTTON,PCOTTIND,1999-M08,50.9809523809524
COTTON,PCOTTIND,1999-M09,49.475
COTTON,PCOTTIND,1999-M10,47.4333333333333
COTTON,PCOTTIND,1999-M11,46.2125
COTTON,PCOTTIND,1999-M12,44.1952380952381
COTTON,PCOTTIND,2000-M01,47.4333333333333
COTTON,PCOTTIND,2000-M02,53.435
COTTON,PCOTTIND,2000-M03,57.304
COTTON,PCOTTIND,2000-M04,58.7675
COTTON,PCOTTIND,2000-M05,60.5047619047619
COTTON,PCOTTIND,2000-M06,59.4727272727273
COTTON,PCOTTIND,2000-M07,58.3904761904762
COTTON,PCOTTIND,2000-M08,60.8913043478261
COTTON,PCOTTIND,2000-M09,61.6425
COTTON,PCOTTIND,2000-M10,60.8931818181818
COTTON,PCOTTIND,2000-M11,63.9772727272727
COTTON,PCOTTIND,2000-M12,65.8605263157895
COTTON,PCOTTIND,2001-M01,64.1772727272727
COTTON,PCOTTIND,2001-M02,60.4425
COTTON,PCOTTIND,2001-M03,54.5636363636364
COTTON,PCOTTIND,2001-M04,51.1638888888889
COTTON,PCOTTIND,2001-M05,49.9714285714286
COTTON,PCOTTIND,2001-M06,47.4595238095238
COTTON,PCOTTIND,2001-M07,45.5452380952381
COTTON,PCOTTIND,2001-M08,43.3272727272727
COTTON,PCOTTIND,2001-M09,41.2625
COTTON,PCOTTIND,2001-M10,37.2217391304348
COTTON,PCOTTIND,2001-M11,37.9595238095238
COTTON,PCOTTIND,2001-M12,42.8684210526316
COTTON,PCOTTIND,2002-M01,43.4159090909091
COTTON,PCOTTIND,2002-M02,42.805
COTTON,PCOTTIND,2002-M03,42.0375
COTTON,PCOTTIND,2002-M04,41.3833333333333
COTTON,PCOTTIND,2002-M05,39.8928571428571
COTTON,PCOTTIND,2002-M06,43.4833333333333
COTTON,PCOTTIND,2002-M07,46.702380952381
COTTON,PCOTTIND,2002-M08,49.3214285714286
COTTON,PCOTTIND,2002-M09,48.9789473684211
COTTON,PCOTTIND,2002-M10,49.5568181818182
COTTON,PCOTTIND,2002-M11,52.325
COTTON,PCOTTIND,2002-M12,55.2190476190476
COTTON,PCOTTIND,2003-M01,56.71363636363636
COTTON,PCOTTIND,2003-M02,58.55263157894737
COTTON,PCOTTIND,2003-M03,61.01
COTTON,PCOTTIND,2003-M04,60.78
COTTON,PCOTTIND,2003-M05,57.8025
COTTON,PCOTTIND,2003-M06,58.5
COTTON,PCOTTIND,2003-M07,60.21304347826087
COTTON,PCOTTIND,2003-M08,60.5
COTTON,PCOTTIND,2003-M09,64.18409090909091
COTTON,PCOTTIND,2003-M10,72.55869565217391
COTTON,PCOTTIND,2003-M11,76.94210526315789
COTTON,PCOTTIND,2003-M12,73.5875
COTTON,PCOTTIND,2004-M01,76.24210526315789
COTTON,PCOTTIND,2004-M02,73.91578947368421
COTTON,PCOTTIND,2004-M03,72.275
COTTON,PCOTTIND,2004-M04,69.43947368421053
COTTON,PCOTTIND,2004-M05,70.03947368421053
COTTON,PCOTTIND,2004-M06,64.63428571428571
COTTON,PCOTTIND,2004-M07,57.01590909090909
COTTON,PCOTTIND,2004-M08,53.47142857142857
COTTON,PCOTTIND,2004-M09,56.67857142857143
COTTON,PCOTTIND,2004-M10,52.52222222222222
COTTON,PCOTTIND,2004-M11,49.2425
COTTON,PCOTTIND,2004-M12,48.5952380952381
COTTON,PCOTTIND,2005-M01,51.26052631578947
COTTON,PCOTTIND,2005-M02,52.165
COTTON,PCOTTIND,2005-M03,56.23571428571429
COTTON,PCOTTIND,2005-M04,56.9547619047619
COTTON,PCOTTIND,2005-M05,55.84
COTTON,PCOTTIND,2005-M06,53.98636363636364
COTTON,PCOTTIND,2005-M07,54.9725
COTTON,PCOTTIND,2005-M08,54.06590909090909
COTTON,PCOTTIND,2005-M09,54.9452380952381
COTTON,PCOTTIND,2005-M10,58.23809523809524
COTTON,PCOTTIND,2005-M11,56.82954545454545
COTTON,PCOTTIND,2005-M12,56.5255
COTTON,PCOTTIND,2006-M01,59.005
COTTON,PCOTTIND,2006-M02,60.75
COTTON,PCOTTIND,2006-M03,58.61521739130435
COTTON,PCOTTIND,2006-M04,57.17631578947368
COTTON,PCOTTIND,2006-M05,55.41190476190476
COTTON,PCOTTIND,2006-M06,56.41818181818182
COTTON,PCOTTIND,2006-M07,56.725
COTTON,PCOTTIND,2006-M08,59.85434782608696
COTTON,PCOTTIND,2006-M09,58.82
COTTON,PCOTTIND,2006-M10,57.02727272727273
COTTON,PCOTTIND,2006-M11,57.4
COTTON,PCOTTIND,2006-M12,59.42631578947368
COTTON,PCOTTIND,2007-M01,59.05238095238095
COTTON,PCOTTIND,2007-M02,57.89210526315789
COTTON,PCOTTIND,2007-M03,58.41136363636364
COTTON,PCOTTIND,2007-M04,57.1775
COTTON,PCOTTIND,2007-M05,55.57380952380952
COTTON,PCOTTIND,2007-M06,60.43947368421053
COTTON,PCOTTIND,2007-M07,67.805
COTTON,PCOTTIND,2007-M08,66.61818181818182
COTTON,PCOTTIND,2007-M09,68.20789473684211
COTTON,PCOTTIND,2007-M10,68.93260869565217
COTTON,PCOTTIND,2007-M11,69.70714285714286
COTTON,PCOTTIND,2007-M12,69.58684210526316
COTTON,PCOTTIND,2008-M01,73.24772727272727
COTTON,PCOTTIND,2008-M02,75.0547619047619
COTTON,PCOTTIND,2008-M03,80.17894736842105
COTTON,PCOTTIND,2008-M04,75.40681818181818
COTTON,PCOTTIND,2008-M05,74.1225
COTTON,PCOTTIND,2008-M06,77.04285714285714
COTTON,PCOTTIND,2008-M07,77.28913043478261
COTTON,PCOTTIND,2008-M08,78.0375
COTTON,PCOTTIND,2008-M09,73.58636363636364
COTTON,PCOTTIND,2008-M10,62.30217391304348
COTTON,PCOTTIND,2008-M11,55.06052631578947
COTTON,PCOTTIND,2008-M12,55.46904761904762
COTTON,PCOTTIND,2009-M01,57.6952380952381
COTTON,PCOTTIND,2009-M02,55.21
COTTON,PCOTTIND,2009-M03,51.5
COTTON,PCOTTIND,2009-M04,56.775
COTTON,PCOTTIND,2009-M05,61.95
COTTON,PCOTTIND,2009-M06,61.38863636363636
COTTON,PCOTTIND,2009-M07,64.79782608695652
COTTON,PCOTTIND,2009-M08,64.255
COTTON,PCOTTIND,2009-M09,64.07272727272727
COTTON,PCOTTIND,2009-M10,66.82045454545455
COTTON,PCOTTIND,2009-M11,71.77619047619048
COTTON,PCOTTIND,2009-M12,76.78333333333333
COTTON,PCOTTIND,2010-M01,77.39
COTTON,PCOTTIND,2010-M02,80.0475
COTTON,PCOTTIND,2010-M03,85.78636363636364
COTTON,PCOTTIND,2010-M04,88.075
COTTON,PCOTTIND,2010-M05,90.07105263157895
COTTON,PCOTTIND,2010-M06,91.68333333333333
COTTON,PCOTTIND,2010-M07,84.15
COTTON,PCOTTIND,2010-M08,90.3452380952381
COTTON,PCOTTIND,2010-M09,104.7318181818182
COTTON,PCOTTIND,2010-M10,126.552380952381
COTTON,PCOTTIND,2010-M11,155.4681818181818
COTTON,PCOTTIND,2010-M12,168.2238095238095
COTTON,PCOTTIND,2011-M01,178.9275
COTTON,PCOTTIND,2011-M02,213.175
COTTON,PCOTTIND,2011-M03,229.6673913043478
COTTON,PCOTTIND,2011-M04,216.6166666666667
COTTON,PCOTTIND,2011-M05,165.52
COTTON,PCOTTIND,2011-M06,164.925
COTTON,PCOTTIND,2011-M07,149.25
COTTON,PCOTTIND,2011-M08,114.0977272727273
COTTON,PCOTTIND,2011-M09,116.8772727272727
COTTON,PCOTTIND,2011-M10,110.6119047619048
COTTON,PCOTTIND,2011-M11,104.6840909090909
COTTON,PCOTTIND,2011-M12,95.445
COTTON,PCOTTIND,2012-M01,101.1142857142857
COTTON,PCOTTIND,2012-M02,100.7452380952381
COTTON,PCOTTIND,2012-M03,99.50454545454545
COTTON,PCOTTIND,2012-M04,100.0973684210526
COTTON,PCOTTIND,2012-M05,88.53409090909091
COTTON,PCOTTIND,2012-M06,82.18157894736842
COTTON,PCOTTIND,2012-M07,83.96818181818182
COTTON,PCOTTIND,2012-M08,84.39772727272727
COTTON,PCOTTIND,2012-M09,84.15
COTTON,PCOTTIND,2012-M10,81.95217391304348
COTTON,PCOTTIND,2012-M11,80.87272727272727
COTTON,PCOTTIND,2012-M12,83.37368421052632
COTTON,PCOTTIND,2013-M01,85.50681818181818
COTTON,PCOTTIND,2013-M02,89.71
COTTON,PCOTTIND,2013-M03,94.4475
COTTON,PCOTTIND,2013-M04,92.535
COTTON,PCOTTIND,2013-M05,92.62272727272727
COTTON,PCOTTIND,2013-M06,93.08
COTTON,PCOTTIND,2013-M07,92.61521739130435
COTTON,PCOTTIND,2013-M08,92.71428571428571
COTTON,PCOTTIND,2013-M09,90.09285714285714
COTTON,PCOTTIND,2013-M10,89.34782608695652
COTTON,PCOTTIND,2013-M11,84.64761904761905
COTTON,PCOTTIND,2013-M12,87.4875
COTTON,PCOTTIND,2014-M01,90.96363636363636
COTTON,PCOTTIND,2014-M02,94.05
COTTON,PCOTTIND,2014-M03,96.94761904761905
COTTON,PCOTTIND,2014-M04,94.2025
COTTON,PCOTTIND,2014-M05,92.7125
COTTON,PCOTTIND,2014-M06,90.89761904761905
COTTON,PCOTTIND,2014-M07,83.83695652173913
COTTON,PCOTTIND,2014-M08,73.995
COTTON,PCOTTIND,2014-M09,73.38181818181818
COTTON,PCOTTIND,2014-M10,70.34347826086957
COTTON,PCOTTIND,2014-M11,67.525
COTTON,PCOTTIND,2014-M12,68.3047619047619
COTTON,PCOTTIND,2015-M01,67.35
COTTON,PCOTTIND,2015-M02,69.8425
COTTON,PCOTTIND,2015-M03,69.35227272727273
COTTON,PCOTTIND,2015-M04,71.7025
COTTON,PCOTTIND,2015-M05,72.86315789473684
COTTON,PCOTTIND,2015-M06,72.35227272727273
COTTON,PCOTTIND,2015-M07,72.34782608695652
COTTON,PCOTTIND,2015-M08,71.8225
COTTON,PCOTTIND,2015-M09,68.73636363636364
COTTON,PCOTTIND,2015-M10,69.02727272727273
COTTON,PCOTTIND,2015-M11,69.22142857142857
COTTON,PCOTTIND,2015-M12,70.38809523809524
COTTON,PCOTTIND,2016-M01,68.75
COTTON,PCOTTIND,2016-M02,66.57142857142857
COTTON,PCOTTIND,2016-M03,65.45714285714286
COTTON,PCOTTIND,2016-M04,69.27857142857143
COTTON,PCOTTIND,2016-M05,70.2775
COTTON,PCOTTIND,2016-M06,74.10227272727273
COTTON,PCOTTIND,2016-M07,81.06428571428571
COTTON,PCOTTIND,2016-M08,80.26136363636364
COTTON,PCOTTIND,2016-M09,77.86136363636364
COTTON,PCOTTIND,2016-M10,78.51666666666667
COTTON,PCOTTIND,2016-M11,78.92272727272727
COTTON,PCOTTIND,2016-M12,79.5025
COTTON,PCOTTIND,2017-M01,82.33095238095238
COTTON,PCOTTIND,2017-M02,85.155
COTTON,PCOTTIND,2017-M03,86.78260869565217
COTTON,PCOTTIND,2017-M04,87.03611111111111
COTTON,PCOTTIND,2017-M05,88.63809523809524
COTTON,PCOTTIND,2017-M06,84.76363636363636
COTTON,PCOTTIND,2017-M07,84.08809523809524
COTTON,PCOTTIND,2017-M08,79.34090909090909
COTTON,PCOTTIND,2017-M09,80.6047619047619
COTTON,PCOTTIND,2017-M10,78.60454545454545
COTTON,PCOTTIND,2017-M11,80.41136363636364
COTTON,PCOTTIND,2017-M12,85.42368421052632
COTTON,PCOTTIND,2018-M01,91.05681818181818
COTTON,PCOTTIND,2018-M02,88.2675
COTTON,PCOTTIND,2018-M03,92.13571428571429
COTTON,PCOTTIND,2018-M04,92.2375
COTTON,PCOTTIND,2018-M05,94.47857142857143
COTTON,PCOTTIND,2018-M06,97.70714285714286
COTTON,PCOTTIND,2018-M07,96.17954545454545
COTTON,PCOTTIND,2018-M08,94.55227272727273
COTTON,PCOTTIND,2018-M09,90.355
COTTON,PCOTTIND,2018-M10,86.8
COTTON,PCOTTIND,2018-M11,86.775
COTTON,PCOTTIND,2018-M12,85.99736842105263
COTTON,PCOTTIND,2019-M01,82.35454545454545
COTTON,PCOTTIND,2019-M02,81.15
COTTON,PCOTTIND,2019-M03,83.80952380952381
COTTON,PCOTTIND,2019-M04,87.2475
COTTON,PCOTTIND,2019-M05,80.13809523809524
COTTON,PCOTTIND,2019-M06,77.65
COTTON,PCOTTIND,2019-M07,75.53913043478261
COTTON,PCOTTIND,2019-M08,70.77619047619048
COTTON,PCOTTIND,2019-M09,71.31190476190476
COTTON,PCOTTIND,2019-M10,73.88478260869565
COTTON,PCOTTIND,2019-M11,74.85714285714286
COTTON,PCOTTIND,2019-M12,75.83
COTTON,PCOTTIND,2020-M01,79.06818181818182
COTTON,PCOTTIND,2020-M02,76.5675
COTTON,PCOTTIND,2020-M03,67.68636363636364
COTTON,PCOTTIND,2020-M04,63.5325
COTTON,PCOTTIND,2020-M05,65.70263157894737
COTTON,PCOTTIND,2020-M06,67.8
COTTON,PCOTTIND,2020-M07,68.52391304347826
COTTON,PCOTTIND,2020-M08,70
COTTON,PCOTTIND,2020-M09,70.81363636363636
COTTON,PCOTTIND,2020-M10,74.81590909090909
COTTON,PCOTTIND,2020-M11,77.72380952380952
COTTON,PCOTTIND,2020-M12,81.02142857142857
COTTON,PCOTTIND,2021-M01,87.235
COTTON,PCOTTIND,2021-M02,92.76
COTTON,PCOTTIND,2021-M03,91.45217391304348
COTTON,PCOTTIND,2021-M04,90.73
COTTON,PCOTTIND,2021-M05,90.88684210526316
COTTON,PCOTTIND,2021-M06,94.50454545454545
COTTON,PCOTTIND,2021-M07,97.7
COTTON,PCOTTIND,2021-M08,101.3047619047619
COTTON,PCOTTIND,2021-M09,103.6818181818182
COTTON,PCOTTIND,2021-M10,117.3833333333333
COTTON,PCOTTIND,2021-M11,126.5431818181818
COTTON,PCOTTIND,2021-M12,120.0404761904762
COTTON,PCOTTIND,2022-M01,132.3325
COTTON,PCOTTIND,2022-M02,138.405
COTTON,PCOTTIND,2022-M03,141.1260869565217
COTTON,PCOTTIND,2022-M04,155.3157894736842
COTTON,PCOTTIND,2022-M05,163.9795454545455
COTTON,PCOTTIND,2022-M06,154.4454545454545
COTTON,PCOTTIND,2022-M07,131.0357142857143
COTTON,PCOTTIND,2022-M08,124.7586956521739
COTTON,PCOTTIND,2022-M09,117.9409090909091
COTTON,PCOTTIND,2022-M10,100.2761904761905
COTTON,PCOTTIND,2022-M11,101.1659090909091
COTTON,PCOTTIND,2022-M12,100.8863636363636
COTTON,PCOTTIND,2023-M01,100.3113636363636
COTTON,PCOTTIND,2023-M02,99.43
COTTON,PCOTTIND,2023-M03,95.39130434782609
COTTON,PCOTTIND,2023-M04,95.1325
COTTON,PCOTTIND,2023-M05,93.88478260869565
COTTON,PCOTTIND,2023-M06,92.41818181818182
COTTON,PCOTTIND,2023-M07,93.26904761904762
COTTON,PCOTTIND,2023-M08,95.99565217391304
COTTON,PCOTTIND,2023-M09,97.76904761904762
COTTON,PCOTTIND,2023-M10,95.68636363636364
COTTON,PCOTTIND,2023-M11,90.43181818181818
COTTON,PCOTTIND,2023-M12,90.40714285714286
COTTON,PCOTTIND,2024-M01,92.10652173913043
COTTON,PCOTTIND,2024-M02,99.35238095238095
COTTON,PCOTTIND,2024-M03,99.56428571428571
COTTON,PCOTTIND,2024-M04,90.60227272727273
COTTON,PCOTTIND,2024-M05,85.88913043478261
COTTON,PCOTTIND,2024-M06,83.24
COTTON,PCOTTIND,2024-M07,81.38260869565217
COTTON,PCOTTIND,2024-M08,79.92727272727273
COTTON,PCOTTIND,2024-M09,82.55714285714286
COTTON,PCOTTIND,2024-M10,83.69347826086957
COTTON,PCOTTIND,2024-M11,81.55238095238095
COTTON,PCOTTIND,2024-M12,79.90454545454545
COTTON,PCOTTIND,2025-M01,78.23695652173913
COTTON,PCOTTIND,2025-M02,78.0975
COTTON,PCOTTIND,2025-M03,77.63809523809524
COTTON,PCOTTIND,2025-M04,78.28181818181818
COTTON,PCOTTIND,2025-M05,77.98863636363636
COTTON,PCOTTIND,2025-M06,78.19047619047619
COTTON,PCOTTIND,2025-M07,78.90652173913043
COTTON,PCOTTIND,2025-M08,78.57380952380952
COTTON,PCOTTIND,2025-M09,77.97727272727273
COTTON,PCOTTIND,2025-M10,75.98434782608696
COTTON,PCOTTIND,2025-M11,75.28
COTTON,PCOTTIND,2025-M12,74.06590909090909
COTTON,PCOTTIND,2026-M01,74.48636363636364
COTTON,PCOTTIND,2026-M02,73.96
COTTON,PCOTTIND,2026-M03,76.93863636363636
COTTON,PCOTTIND,2026-M04,85.58181818181818
COTTON,PCOTTIND,2026-M05,92.09285714285714
COTTON,PCOTTIND,2026-M06,86.29318181818182
COTTON,PCOTTIND,2026-M07,88.775
